==4741== NVPROF is profiling process 4741, command: ./sandbox laex 268435456 8 128
==4741== Profiling application: ./sandbox laex 268435456 8 128
==4741== Profiling result:

==4741== Device "Tesla V100-SXM2-32GB (0)"
"Type","Time(%)","Time","Calls","Avg","Min","Max","Name"
,%,s,,s,s,s,
"GPU activities",99.999856,11.568770,10,1.156877,1.156859,1.156912,"localAtomicsKernelEx(unsigned int*, unsigned int, int)"
"GPU activities",0.000144,0.000017,10,0.000002,0.000002,0.000002,"[CUDA memcpy DtoH]"

==4741== Device "Tesla V100-SXM2-32GB (1)"
No kernels were profiled.

==4741== Device "Tesla V100-SXM2-32GB (2)"
No kernels were profiled.

==4741== Device "Tesla V100-SXM2-32GB (3)"
No kernels were profiled.
