==5729== NVPROF is profiling process 5729, command: ./sandbox laex 268435456 8192 16
==5729== Profiling application: ./sandbox laex 268435456 8192 16
==5729== Profiling result:

==5729== Device "Tesla V100-SXM2-32GB (0)"
"Type","Time(%)","Time","Calls","Avg","Min","Max","Name"
,%,s,,s,s,s,
"GPU activities",99.986199,0.115918,10,0.011592,0.011591,0.011596,"localAtomicsKernelEx(unsigned int*, unsigned int, int)"
"GPU activities",0.013801,0.000016,10,0.000002,0.000001,0.000002,"[CUDA memcpy DtoH]"

==5729== Device "Tesla V100-SXM2-32GB (1)"
No kernels were profiled.

==5729== Device "Tesla V100-SXM2-32GB (2)"
No kernels were profiled.

==5729== Device "Tesla V100-SXM2-32GB (3)"
No kernels were profiled.
