==5293== NVPROF is profiling process 5293, command: ./sandbox laex 268435456 256 1024
==5293== Profiling application: ./sandbox laex 268435456 256 1024
==5293== Profiling result:

==5293== Device "Tesla V100-SXM2-32GB (0)"
"Type","Time(%)","Time","Calls","Avg","Min","Max","Name"
,%,s,,s,s,s,
"GPU activities",99.995489,0.373140,10,0.037314,0.037177,0.037531,"localAtomicsKernelEx(unsigned int*, unsigned int, int)"
"GPU activities",0.004511,0.000017,10,0.000002,0.000002,0.000002,"[CUDA memcpy DtoH]"

==5293== Device "Tesla V100-SXM2-32GB (1)"
No kernels were profiled.

==5293== Device "Tesla V100-SXM2-32GB (2)"
No kernels were profiled.

==5293== Device "Tesla V100-SXM2-32GB (3)"
No kernels were profiled.
