==5193== NVPROF is profiling process 5193, command: ./sandbox laex 268435456 128 1024
==5193== Profiling application: ./sandbox laex 268435456 128 1024
==5193== Profiling result:

==5193== Device "Tesla V100-SXM2-32GB (0)"
"Type","Time(%)","Time","Calls","Avg","Min","Max","Name"
,%,s,,s,s,s,
"GPU activities",99.997692,0.725041,10,0.072504,0.072341,0.072788,"localAtomicsKernelEx(unsigned int*, unsigned int, int)"
"GPU activities",0.002308,0.000017,10,0.000002,0.000002,0.000002,"[CUDA memcpy DtoH]"

==5193== Device "Tesla V100-SXM2-32GB (1)"
No kernels were profiled.

==5193== Device "Tesla V100-SXM2-32GB (2)"
No kernels were profiled.

==5193== Device "Tesla V100-SXM2-32GB (3)"
No kernels were profiled.
