==6207== NVPROF is profiling process 6207, command: ./sandbox laex 268435456 131072 1024
==6207== Profiling application: ./sandbox laex 268435456 131072 1024
==6207== Profiling result:

==6207== Device "Tesla V100-SXM2-32GB (0)"
"Type","Time(%)","Time","Calls","Avg","Min","Max","Name"
,%,s,,s,s,s,
"GPU activities",99.970261,0.057980,10,0.005798,0.005798,0.005799,"localAtomicsKernelEx(unsigned int*, unsigned int, int)"
"GPU activities",0.029739,0.000017,10,0.000002,0.000002,0.000002,"[CUDA memcpy DtoH]"

==6207== Device "Tesla V100-SXM2-32GB (1)"
No kernels were profiled.

==6207== Device "Tesla V100-SXM2-32GB (2)"
No kernels were profiled.

==6207== Device "Tesla V100-SXM2-32GB (3)"
No kernels were profiled.
