==5166== NVPROF is profiling process 5166, command: ./sandbox laex 268435456 128 256
==5166== Profiling application: ./sandbox laex 268435456 128 256
==5166== Profiling result:

==5166== Device "Tesla V100-SXM2-32GB (0)"
"Type","Time(%)","Time","Calls","Avg","Min","Max","Name"
,%,s,,s,s,s,
"GPU activities",99.997635,0.725095,10,0.072509,0.072330,0.072825,"localAtomicsKernelEx(unsigned int*, unsigned int, int)"
"GPU activities",0.002365,0.000017,10,0.000002,0.000002,0.000002,"[CUDA memcpy DtoH]"

==5166== Device "Tesla V100-SXM2-32GB (1)"
No kernels were profiled.

==5166== Device "Tesla V100-SXM2-32GB (2)"
No kernels were profiled.

==5166== Device "Tesla V100-SXM2-32GB (3)"
No kernels were profiled.
