==6283== NVPROF is profiling process 6283, command: ./sandbox laex 268435456 262144 256
==6283== Profiling application: ./sandbox laex 268435456 262144 256
==6283== Profiling result:

==6283== Device "Tesla V100-SXM2-32GB (0)"
"Type","Time(%)","Time","Calls","Avg","Min","Max","Name"
,%,s,,s,s,s,
"GPU activities",99.972412,0.057980,10,0.005798,0.005798,0.005799,"localAtomicsKernelEx(unsigned int*, unsigned int, int)"
"GPU activities",0.027588,0.000016,10,0.000002,0.000001,0.000002,"[CUDA memcpy DtoH]"

==6283== Device "Tesla V100-SXM2-32GB (1)"
No kernels were profiled.

==6283== Device "Tesla V100-SXM2-32GB (2)"
No kernels were profiled.

==6283== Device "Tesla V100-SXM2-32GB (3)"
No kernels were profiled.
