==4767== NVPROF is profiling process 4767, command: ./sandbox laex 268435456 8 512
==4767== Profiling application: ./sandbox laex 268435456 8 512
==4767== Profiling result:

==4767== Device "Tesla V100-SXM2-32GB (0)"
"Type","Time(%)","Time","Calls","Avg","Min","Max","Name"
,%,s,,s,s,s,
"GPU activities",99.999855,11.568216,10,1.156822,1.156811,1.156843,"localAtomicsKernelEx(unsigned int*, unsigned int, int)"
"GPU activities",0.000145,0.000017,10,0.000002,0.000002,0.000002,"[CUDA memcpy DtoH]"

==4767== Device "Tesla V100-SXM2-32GB (1)"
No kernels were profiled.

==4767== Device "Tesla V100-SXM2-32GB (2)"
No kernels were profiled.

==4767== Device "Tesla V100-SXM2-32GB (3)"
No kernels were profiled.
