==5868== NVPROF is profiling process 5868, command: ./sandbox laex 268435456 16384 128
==5868== Profiling application: ./sandbox laex 268435456 16384 128
==5868== Profiling result:

==5868== Device "Tesla V100-SXM2-32GB (0)"
"Type","Time(%)","Time","Calls","Avg","Min","Max","Name"
,%,s,,s,s,s,
"GPU activities",99.972912,0.057987,10,0.005799,0.005798,0.005800,"localAtomicsKernelEx(unsigned int*, unsigned int, int)"
"GPU activities",0.027088,0.000016,10,0.000002,0.000001,0.000002,"[CUDA memcpy DtoH]"

==5868== Device "Tesla V100-SXM2-32GB (1)"
No kernels were profiled.

==5868== Device "Tesla V100-SXM2-32GB (2)"
No kernels were profiled.

==5868== Device "Tesla V100-SXM2-32GB (3)"
No kernels were profiled.
