==5844== NVPROF is profiling process 5844, command: ./sandbox laex 268435456 16384 32
==5844== Profiling application: ./sandbox laex 268435456 16384 32
==5844== Profiling result:

==5844== Device "Tesla V100-SXM2-32GB (0)"
"Type","Time(%)","Time","Calls","Avg","Min","Max","Name"
,%,s,,s,s,s,
"GPU activities",99.972751,0.057997,10,0.005800,0.005799,0.005800,"localAtomicsKernelEx(unsigned int*, unsigned int, int)"
"GPU activities",0.027249,0.000016,10,0.000002,0.000001,0.000002,"[CUDA memcpy DtoH]"

==5844== Device "Tesla V100-SXM2-32GB (1)"
No kernels were profiled.

==5844== Device "Tesla V100-SXM2-32GB (2)"
No kernels were profiled.

==5844== Device "Tesla V100-SXM2-32GB (3)"
No kernels were profiled.
