==5612== NVPROF is profiling process 5612, command: ./sandbox laex 268435456 4096 8
==5612== Profiling application: ./sandbox laex 268435456 4096 8
==5612== Profiling result:

==5612== Device "Tesla V100-SXM2-32GB (0)"
"Type","Time(%)","Time","Calls","Avg","Min","Max","Name"
,%,s,,s,s,s,
"GPU activities",99.992699,0.231829,10,0.023183,0.023180,0.023185,"localAtomicsKernelEx(unsigned int*, unsigned int, int)"
"GPU activities",0.007301,0.000017,10,0.000002,0.000002,0.000002,"[CUDA memcpy DtoH]"

==5612== Device "Tesla V100-SXM2-32GB (1)"
No kernels were profiled.

==5612== Device "Tesla V100-SXM2-32GB (2)"
No kernels were profiled.

==5612== Device "Tesla V100-SXM2-32GB (3)"
No kernels were profiled.
