==6372== NVPROF is profiling process 6372, command: ./sandbox laex 268435456 524288 128
==6372== Profiling application: ./sandbox laex 268435456 524288 128
==6372== Profiling result:

==6372== Device "Tesla V100-SXM2-32GB (0)"
"Type","Time(%)","Time","Calls","Avg","Min","Max","Name"
,%,s,,s,s,s,
"GPU activities",99.972875,0.058026,10,0.005803,0.005798,0.005806,"localAtomicsKernelEx(unsigned int*, unsigned int, int)"
"GPU activities",0.027125,0.000016,10,0.000002,0.000001,0.000002,"[CUDA memcpy DtoH]"

==6372== Device "Tesla V100-SXM2-32GB (1)"
No kernels were profiled.

==6372== Device "Tesla V100-SXM2-32GB (2)"
No kernels were profiled.

==6372== Device "Tesla V100-SXM2-32GB (3)"
No kernels were profiled.
