==4963== NVPROF is profiling process 4963, command: ./sandbox laex 268435456 32 256
==4963== Profiling application: ./sandbox laex 268435456 32 256
==4963== Profiling result:

==4963== Device "Tesla V100-SXM2-32GB (0)"
"Type","Time(%)","Time","Calls","Avg","Min","Max","Name"
,%,s,,s,s,s,
"GPU activities",99.999418,2.891816,10,0.289182,0.289180,0.289184,"localAtomicsKernelEx(unsigned int*, unsigned int, int)"
"GPU activities",0.000582,0.000017,10,0.000002,0.000002,0.000002,"[CUDA memcpy DtoH]"

==4963== Device "Tesla V100-SXM2-32GB (1)"
No kernels were profiled.

==4963== Device "Tesla V100-SXM2-32GB (2)"
No kernels were profiled.

==4963== Device "Tesla V100-SXM2-32GB (3)"
No kernels were profiled.
