==5220== NVPROF is profiling process 5220, command: ./sandbox laex 268435456 256 16
==5220== Profiling application: ./sandbox laex 268435456 256 16
==5220== Profiling result:

==5220== Device "Tesla V100-SXM2-32GB (0)"
"Type","Time(%)","Time","Calls","Avg","Min","Max","Name"
,%,s,,s,s,s,
"GPU activities",99.995358,0.361904,10,0.036190,0.036184,0.036200,"localAtomicsKernelEx(unsigned int*, unsigned int, int)"
"GPU activities",0.004642,0.000017,10,0.000002,0.000002,0.000002,"[CUDA memcpy DtoH]"

==5220== Device "Tesla V100-SXM2-32GB (1)"
No kernels were profiled.

==5220== Device "Tesla V100-SXM2-32GB (2)"
No kernels were profiled.

==5220== Device "Tesla V100-SXM2-32GB (3)"
No kernels were profiled.
