==6158== NVPROF is profiling process 6158, command: ./sandbox laex 268435456 131072 64
==6158== Profiling application: ./sandbox laex 268435456 131072 64
==6158== Profiling result:

==6158== Device "Tesla V100-SXM2-32GB (0)"
"Type","Time(%)","Time","Calls","Avg","Min","Max","Name"
,%,s,,s,s,s,
"GPU activities",99.972910,0.057984,10,0.005798,0.005798,0.005800,"localAtomicsKernelEx(unsigned int*, unsigned int, int)"
"GPU activities",0.027090,0.000016,10,0.000002,0.000001,0.000002,"[CUDA memcpy DtoH]"

==6158== Device "Tesla V100-SXM2-32GB (1)"
No kernels were profiled.

==6158== Device "Tesla V100-SXM2-32GB (2)"
No kernels were profiled.

==6158== Device "Tesla V100-SXM2-32GB (3)"
No kernels were profiled.
