==6032== NVPROF is profiling process 6032, command: ./sandbox laex 268435456 65536 16
==6032== Profiling application: ./sandbox laex 268435456 65536 16
==6032== Profiling result:

==6032== Device "Tesla V100-SXM2-32GB (0)"
"Type","Time(%)","Time","Calls","Avg","Min","Max","Name"
,%,s,,s,s,s,
"GPU activities",99.986091,0.115939,10,0.011594,0.011593,0.011596,"localAtomicsKernelEx(unsigned int*, unsigned int, int)"
"GPU activities",0.013909,0.000016,10,0.000002,0.000001,0.000002,"[CUDA memcpy DtoH]"

==6032== Device "Tesla V100-SXM2-32GB (1)"
No kernels were profiled.

==6032== Device "Tesla V100-SXM2-32GB (2)"
No kernels were profiled.

==6032== Device "Tesla V100-SXM2-32GB (3)"
No kernels were profiled.
