==6222== NVPROF is profiling process 6222, command: ./sandbox laex 268435456 262144 8
==6222== Profiling application: ./sandbox laex 268435456 262144 8
==6222== Profiling result:

==6222== Device "Tesla V100-SXM2-32GB (0)"
"Type","Time(%)","Time","Calls","Avg","Min","Max","Name"
,%,s,,s,s,s,
"GPU activities",99.992526,0.232028,10,0.023203,0.023198,0.023208,"localAtomicsKernelEx(unsigned int*, unsigned int, int)"
"GPU activities",0.007474,0.000017,10,0.000002,0.000002,0.000002,"[CUDA memcpy DtoH]"

==6222== Device "Tesla V100-SXM2-32GB (1)"
No kernels were profiled.

==6222== Device "Tesla V100-SXM2-32GB (2)"
No kernels were profiled.

==6222== Device "Tesla V100-SXM2-32GB (3)"
No kernels were profiled.
