==5687== NVPROF is profiling process 5687, command: ./sandbox laex 268435456 4096 512
==5687== Profiling application: ./sandbox laex 268435456 4096 512
==5687== Profiling result:

==5687== Device "Tesla V100-SXM2-32GB (0)"
"Type","Time(%)","Time","Calls","Avg","Min","Max","Name"
,%,s,,s,s,s,
"GPU activities",99.972885,0.060054,10,0.006005,0.006002,0.006013,"localAtomicsKernelEx(unsigned int*, unsigned int, int)"
"GPU activities",0.027115,0.000016,10,0.000002,0.000001,0.000002,"[CUDA memcpy DtoH]"

==5687== Device "Tesla V100-SXM2-32GB (1)"
No kernels were profiled.

==5687== Device "Tesla V100-SXM2-32GB (2)"
No kernels were profiled.

==5687== Device "Tesla V100-SXM2-32GB (3)"
No kernels were profiled.
