==6094== NVPROF is profiling process 6094, command: ./sandbox laex 268435456 65536 512
==6094== Profiling application: ./sandbox laex 268435456 65536 512
==6094== Profiling result:

==6094== Device "Tesla V100-SXM2-32GB (0)"
"Type","Time(%)","Time","Calls","Avg","Min","Max","Name"
,%,s,,s,s,s,
"GPU activities",99.973145,0.058015,10,0.005801,0.005800,0.005802,"localAtomicsKernelEx(unsigned int*, unsigned int, int)"
"GPU activities",0.026855,0.000016,10,0.000002,0.000001,0.000002,"[CUDA memcpy DtoH]"

==6094== Device "Tesla V100-SXM2-32GB (1)"
No kernels were profiled.

==6094== Device "Tesla V100-SXM2-32GB (2)"
No kernels were profiled.

==6094== Device "Tesla V100-SXM2-32GB (3)"
No kernels were profiled.
