==6529== NVPROF is profiling process 6529, command: ./sandbox laex 268435456 1048576 32
==6529== Profiling application: ./sandbox laex 268435456 1048576 32
==6529== Profiling result:

==6529== Device "Tesla V100-SXM2-32GB (0)"
"Type","Time(%)","Time","Calls","Avg","Min","Max","Name"
,%,s,,s,s,s,
"GPU activities",99.972874,0.058024,10,0.005802,0.005800,0.005804,"localAtomicsKernelEx(unsigned int*, unsigned int, int)"
"GPU activities",0.027126,0.000016,10,0.000002,0.000001,0.000002,"[CUDA memcpy DtoH]"

==6529== Device "Tesla V100-SXM2-32GB (1)"
No kernels were profiled.

==6529== Device "Tesla V100-SXM2-32GB (2)"
No kernels were profiled.

==6529== Device "Tesla V100-SXM2-32GB (3)"
No kernels were profiled.
