==5742== NVPROF is profiling process 5742, command: ./sandbox laex 268435456 8192 32
==5742== Profiling application: ./sandbox laex 268435456 8192 32
==5742== Profiling result:

==5742== Device "Tesla V100-SXM2-32GB (0)"
"Type","Time(%)","Time","Calls","Avg","Min","Max","Name"
,%,s,,s,s,s,
"GPU activities",99.972882,0.058161,10,0.005816,0.005816,0.005817,"localAtomicsKernelEx(unsigned int*, unsigned int, int)"
"GPU activities",0.027118,0.000016,10,0.000002,0.000001,0.000002,"[CUDA memcpy DtoH]"

==5742== Device "Tesla V100-SXM2-32GB (1)"
No kernels were profiled.

==5742== Device "Tesla V100-SXM2-32GB (2)"
No kernels were profiled.

==5742== Device "Tesla V100-SXM2-32GB (3)"
No kernels were profiled.
