==6020== NVPROF is profiling process 6020, command: ./sandbox laex 268435456 65536 8
==6020== Profiling application: ./sandbox laex 268435456 65536 8
==6020== Profiling result:

==6020== Device "Tesla V100-SXM2-32GB (0)"
"Type","Time(%)","Time","Calls","Avg","Min","Max","Name"
,%,s,,s,s,s,
"GPU activities",99.993274,0.259282,10,0.025928,0.024231,0.026763,"localAtomicsKernelEx(unsigned int*, unsigned int, int)"
"GPU activities",0.006726,0.000017,10,0.000002,0.000002,0.000002,"[CUDA memcpy DtoH]"

==6020== Device "Tesla V100-SXM2-32GB (1)"
No kernels were profiled.

==6020== Device "Tesla V100-SXM2-32GB (2)"
No kernels were profiled.

==6020== Device "Tesla V100-SXM2-32GB (3)"
No kernels were profiled.
