==5944== NVPROF is profiling process 5944, command: ./sandbox laex 268435456 32768 32
==5944== Profiling application: ./sandbox laex 268435456 32768 32
==5944== Profiling result:

==5944== Device "Tesla V100-SXM2-32GB (0)"
"Type","Time(%)","Time","Calls","Avg","Min","Max","Name"
,%,s,,s,s,s,
"GPU activities",99.973074,0.057979,10,0.005798,0.005798,0.005798,"localAtomicsKernelEx(unsigned int*, unsigned int, int)"
"GPU activities",0.026926,0.000016,10,0.000002,0.000001,0.000002,"[CUDA memcpy DtoH]"

==5944== Device "Tesla V100-SXM2-32GB (1)"
No kernels were profiled.

==5944== Device "Tesla V100-SXM2-32GB (2)"
No kernels were profiled.

==5944== Device "Tesla V100-SXM2-32GB (3)"
No kernels were profiled.
