==5755== NVPROF is profiling process 5755, command: ./sandbox laex 268435456 8192 64
==5755== Profiling application: ./sandbox laex 268435456 8192 64
==5755== Profiling result:

==5755== Device "Tesla V100-SXM2-32GB (0)"
"Type","Time(%)","Time","Calls","Avg","Min","Max","Name"
,%,s,,s,s,s,
"GPU activities",99.971512,0.058169,10,0.005817,0.005817,0.005817,"localAtomicsKernelEx(unsigned int*, unsigned int, int)"
"GPU activities",0.028488,0.000017,10,0.000002,0.000001,0.000002,"[CUDA memcpy DtoH]"

==5755== Device "Tesla V100-SXM2-32GB (1)"
No kernels were profiled.

==5755== Device "Tesla V100-SXM2-32GB (2)"
No kernels were profiled.

==5755== Device "Tesla V100-SXM2-32GB (3)"
No kernels were profiled.
