==5027== NVPROF is profiling process 5027, command: ./sandbox laex 268435456 64 32
==5027== Profiling application: ./sandbox laex 268435456 64 32
==5027== Profiling result:

==5027== Device "Tesla V100-SXM2-32GB (0)"
"Type","Time(%)","Time","Calls","Avg","Min","Max","Name"
,%,s,,s,s,s,
"GPU activities",99.998794,1.445921,10,0.144592,0.144590,0.144596,"localAtomicsKernelEx(unsigned int*, unsigned int, int)"
"GPU activities",0.001206,0.000017,10,0.000002,0.000002,0.000002,"[CUDA memcpy DtoH]"

==5027== Device "Tesla V100-SXM2-32GB (1)"
No kernels were profiled.

==5027== Device "Tesla V100-SXM2-32GB (2)"
No kernels were profiled.

==5027== Device "Tesla V100-SXM2-32GB (3)"
No kernels were profiled.
