==5956== NVPROF is profiling process 5956, command: ./sandbox laex 268435456 32768 64
==5956== Profiling application: ./sandbox laex 268435456 32768 64
==5956== Profiling result:

==5956== Device "Tesla V100-SXM2-32GB (0)"
"Type","Time(%)","Time","Calls","Avg","Min","Max","Name"
,%,s,,s,s,s,
"GPU activities",99.972807,0.058000,10,0.005800,0.005798,0.005801,"localAtomicsKernelEx(unsigned int*, unsigned int, int)"
"GPU activities",0.027193,0.000016,10,0.000002,0.000001,0.000002,"[CUDA memcpy DtoH]"

==5956== Device "Tesla V100-SXM2-32GB (1)"
No kernels were profiled.

==5956== Device "Tesla V100-SXM2-32GB (2)"
No kernels were profiled.

==5956== Device "Tesla V100-SXM2-32GB (3)"
No kernels were profiled.
