==6348== NVPROF is profiling process 6348, command: ./sandbox laex 268435456 524288 32
==6348== Profiling application: ./sandbox laex 268435456 524288 32
==6348== Profiling result:

==6348== Device "Tesla V100-SXM2-32GB (0)"
"Type","Time(%)","Time","Calls","Avg","Min","Max","Name"
,%,s,,s,s,s,
"GPU activities",99.972717,0.058042,10,0.005804,0.005802,0.005808,"localAtomicsKernelEx(unsigned int*, unsigned int, int)"
"GPU activities",0.027283,0.000016,10,0.000002,0.000001,0.000002,"[CUDA memcpy DtoH]"

==6348== Device "Tesla V100-SXM2-32GB (1)"
No kernels were profiled.

==6348== Device "Tesla V100-SXM2-32GB (2)"
No kernels were profiled.

==6348== Device "Tesla V100-SXM2-32GB (3)"
No kernels were profiled.
