==6045== NVPROF is profiling process 6045, command: ./sandbox laex 268435456 65536 32
==6045== Profiling application: ./sandbox laex 268435456 65536 32
==6045== Profiling result:

==6045== Device "Tesla V100-SXM2-32GB (0)"
"Type","Time(%)","Time","Calls","Avg","Min","Max","Name"
,%,s,,s,s,s,
"GPU activities",99.972821,0.058029,10,0.005803,0.005800,0.005804,"localAtomicsKernelEx(unsigned int*, unsigned int, int)"
"GPU activities",0.027179,0.000016,10,0.000002,0.000001,0.000002,"[CUDA memcpy DtoH]"

==6045== Device "Tesla V100-SXM2-32GB (1)"
No kernels were profiled.

==6045== Device "Tesla V100-SXM2-32GB (2)"
No kernels were profiled.

==6045== Device "Tesla V100-SXM2-32GB (3)"
No kernels were profiled.
