==5560== NVPROF is profiling process 5560, command: ./sandbox laex 268435456 2048 128
==5560== Profiling application: ./sandbox laex 268435456 2048 128
==5560== Profiling result:

==5560== Device "Tesla V100-SXM2-32GB (0)"
"Type","Time(%)","Time","Calls","Avg","Min","Max","Name"
,%,s,,s,s,s,
"GPU activities",99.975429,0.068879,10,0.006888,0.006880,0.006894,"localAtomicsKernelEx(unsigned int*, unsigned int, int)"
"GPU activities",0.024571,0.000017,10,0.000002,0.000002,0.000002,"[CUDA memcpy DtoH]"

==5560== Device "Tesla V100-SXM2-32GB (1)"
No kernels were profiled.

==5560== Device "Tesla V100-SXM2-32GB (2)"
No kernels were profiled.

==5560== Device "Tesla V100-SXM2-32GB (3)"
No kernels were profiled.
