==4886== NVPROF is profiling process 4886, command: ./sandbox laex 268435456 16 1024
==4886== Profiling application: ./sandbox laex 268435456 16 1024
==4886== Profiling result:

==4886== Device "Tesla V100-SXM2-32GB (0)"
"Type","Time(%)","Time","Calls","Avg","Min","Max","Name"
,%,s,,s,s,s,
"GPU activities",99.999710,5.783657,10,0.578366,0.578361,0.578374,"localAtomicsKernelEx(unsigned int*, unsigned int, int)"
"GPU activities",0.000290,0.000017,10,0.000002,0.000002,0.000002,"[CUDA memcpy DtoH]"

==4886== Device "Tesla V100-SXM2-32GB (1)"
No kernels were profiled.

==4886== Device "Tesla V100-SXM2-32GB (2)"
No kernels were profiled.

==4886== Device "Tesla V100-SXM2-32GB (3)"
No kernels were profiled.
