==4808== NVPROF is profiling process 4808, command: ./sandbox laex 268435456 16 16
==4808== Profiling application: ./sandbox laex 268435456 16 16
==4808== Profiling result:

==4808== Device "Tesla V100-SXM2-32GB (0)"
"Type","Time(%)","Time","Calls","Avg","Min","Max","Name"
,%,s,,s,s,s,
"GPU activities",99.999708,5.784018,10,0.578402,0.578388,0.578416,"localAtomicsKernelEx(unsigned int*, unsigned int, int)"
"GPU activities",0.000292,0.000017,10,0.000002,0.000002,0.000002,"[CUDA memcpy DtoH]"

==4808== Device "Tesla V100-SXM2-32GB (1)"
No kernels were profiled.

==4808== Device "Tesla V100-SXM2-32GB (2)"
No kernels were profiled.

==4808== Device "Tesla V100-SXM2-32GB (3)"
No kernels were profiled.
