==5893== NVPROF is profiling process 5893, command: ./sandbox laex 268435456 16384 512
==5893== Profiling application: ./sandbox laex 268435456 16384 512
==5893== Profiling result:

==5893== Device "Tesla V100-SXM2-32GB (0)"
"Type","Time(%)","Time","Calls","Avg","Min","Max","Name"
,%,s,,s,s,s,
"GPU activities",99.972388,0.058047,10,0.005805,0.005802,0.005806,"localAtomicsKernelEx(unsigned int*, unsigned int, int)"
"GPU activities",0.027612,0.000016,10,0.000002,0.000001,0.000002,"[CUDA memcpy DtoH]"

==5893== Device "Tesla V100-SXM2-32GB (1)"
No kernels were profiled.

==5893== Device "Tesla V100-SXM2-32GB (2)"
No kernels were profiled.

==5893== Device "Tesla V100-SXM2-32GB (3)"
No kernels were profiled.
