==4729== NVPROF is profiling process 4729, command: ./sandbox laex 268435456 8 64
==4729== Profiling application: ./sandbox laex 268435456 8 64
==4729== Profiling result:

==4729== Device "Tesla V100-SXM2-32GB (0)"
"Type","Time(%)","Time","Calls","Avg","Min","Max","Name"
,%,s,,s,s,s,
"GPU activities",99.999856,11.568756,10,1.156876,1.156858,1.156915,"localAtomicsKernelEx(unsigned int*, unsigned int, int)"
"GPU activities",0.000144,0.000017,10,0.000002,0.000002,0.000002,"[CUDA memcpy DtoH]"

==4729== Device "Tesla V100-SXM2-32GB (1)"
No kernels were profiled.

==4729== Device "Tesla V100-SXM2-32GB (2)"
No kernels were profiled.

==4729== Device "Tesla V100-SXM2-32GB (3)"
No kernels were profiled.
