==5079== NVPROF is profiling process 5079, command: ./sandbox laex 268435456 64 512
==5079== Profiling application: ./sandbox laex 268435456 64 512
==5079== Profiling result:

==5079== Device "Tesla V100-SXM2-32GB (0)"
"Type","Time(%)","Time","Calls","Avg","Min","Max","Name"
,%,s,,s,s,s,
"GPU activities",99.998858,1.445954,10,0.144595,0.144592,0.144599,"localAtomicsKernelEx(unsigned int*, unsigned int, int)"
"GPU activities",0.001142,0.000017,10,0.000002,0.000002,0.000002,"[CUDA memcpy DtoH]"

==5079== Device "Tesla V100-SXM2-32GB (1)"
No kernels were profiled.

==5079== Device "Tesla V100-SXM2-32GB (2)"
No kernels were profiled.

==5079== Device "Tesla V100-SXM2-32GB (3)"
No kernels were profiled.
