==5232== NVPROF is profiling process 5232, command: ./sandbox laex 268435456 256 32
==5232== Profiling application: ./sandbox laex 268435456 256 32
==5232== Profiling result:

==5232== Device "Tesla V100-SXM2-32GB (0)"
"Type","Time(%)","Time","Calls","Avg","Min","Max","Name"
,%,s,,s,s,s,
"GPU activities",99.995409,0.361738,10,0.036174,0.036169,0.036179,"localAtomicsKernelEx(unsigned int*, unsigned int, int)"
"GPU activities",0.004591,0.000017,10,0.000002,0.000002,0.000002,"[CUDA memcpy DtoH]"

==5232== Device "Tesla V100-SXM2-32GB (1)"
No kernels were profiled.

==5232== Device "Tesla V100-SXM2-32GB (2)"
No kernels were profiled.

==5232== Device "Tesla V100-SXM2-32GB (3)"
No kernels were profiled.
