==5335== NVPROF is profiling process 5335, command: ./sandbox laex 268435456 512 32
==5335== Profiling application: ./sandbox laex 268435456 512 32
==5335== Profiling result:

==5335== Device "Tesla V100-SXM2-32GB (0)"
"Type","Time(%)","Time","Calls","Avg","Min","Max","Name"
,%,s,,s,s,s,
"GPU activities",99.990891,0.180906,10,0.018091,0.018088,0.018094,"localAtomicsKernelEx(unsigned int*, unsigned int, int)"
"GPU activities",0.009109,0.000016,10,0.000002,0.000001,0.000002,"[CUDA memcpy DtoH]"

==5335== Device "Tesla V100-SXM2-32GB (1)"
No kernels were profiled.

==5335== Device "Tesla V100-SXM2-32GB (2)"
No kernels were profiled.

==5335== Device "Tesla V100-SXM2-32GB (3)"
No kernels were profiled.
