==5485== NVPROF is profiling process 5485, command: ./sandbox laex 268435456 1024 512
==5485== Profiling application: ./sandbox laex 268435456 1024 512
==5485== Profiling result:

==5485== Device "Tesla V100-SXM2-32GB (0)"
"Type","Time(%)","Time","Calls","Avg","Min","Max","Name"
,%,s,,s,s,s,
"GPU activities",99.985448,0.111030,10,0.011103,0.011073,0.011122,"localAtomicsKernelEx(unsigned int*, unsigned int, int)"
"GPU activities",0.014552,0.000016,10,0.000002,0.000002,0.000002,"[CUDA memcpy DtoH]"

==5485== Device "Tesla V100-SXM2-32GB (1)"
No kernels were profiled.

==5485== Device "Tesla V100-SXM2-32GB (2)"
No kernels were profiled.

==5485== Device "Tesla V100-SXM2-32GB (3)"
No kernels were profiled.
