==6070== NVPROF is profiling process 6070, command: ./sandbox laex 268435456 65536 128
==6070== Profiling application: ./sandbox laex 268435456 65536 128
==6070== Profiling result:

==6070== Device "Tesla V100-SXM2-32GB (0)"
"Type","Time(%)","Time","Calls","Avg","Min","Max","Name"
,%,s,,s,s,s,
"GPU activities",99.972574,0.057973,10,0.005797,0.005797,0.005798,"localAtomicsKernelEx(unsigned int*, unsigned int, int)"
"GPU activities",0.027426,0.000016,10,0.000002,0.000001,0.000002,"[CUDA memcpy DtoH]"

==6070== Device "Tesla V100-SXM2-32GB (1)"
No kernels were profiled.

==6070== Device "Tesla V100-SXM2-32GB (2)"
No kernels were profiled.

==6070== Device "Tesla V100-SXM2-32GB (3)"
No kernels were profiled.
