==5512== NVPROF is profiling process 5512, command: ./sandbox laex 268435456 2048 8
==5512== Profiling application: ./sandbox laex 268435456 2048 8
==5512== Profiling result:

==5512== Device "Tesla V100-SXM2-32GB (0)"
"Type","Time(%)","Time","Calls","Avg","Min","Max","Name"
,%,s,,s,s,s,
"GPU activities",99.992681,0.232578,10,0.023258,0.023245,0.023266,"localAtomicsKernelEx(unsigned int*, unsigned int, int)"
"GPU activities",0.007319,0.000017,10,0.000002,0.000002,0.000002,"[CUDA memcpy DtoH]"

==5512== Device "Tesla V100-SXM2-32GB (1)"
No kernels were profiled.

==5512== Device "Tesla V100-SXM2-32GB (2)"
No kernels were profiled.

==5512== Device "Tesla V100-SXM2-32GB (3)"
No kernels were profiled.
