==5624== NVPROF is profiling process 5624, command: ./sandbox laex 268435456 4096 16
==5624== Profiling application: ./sandbox laex 268435456 4096 16
==5624== Profiling result:

==5624== Device "Tesla V100-SXM2-32GB (0)"
"Type","Time(%)","Time","Calls","Avg","Min","Max","Name"
,%,s,,s,s,s,
"GPU activities",99.986109,0.116319,10,0.011632,0.011630,0.011634,"localAtomicsKernelEx(unsigned int*, unsigned int, int)"
"GPU activities",0.013891,0.000016,10,0.000002,0.000002,0.000002,"[CUDA memcpy DtoH]"

==5624== Device "Tesla V100-SXM2-32GB (1)"
No kernels were profiled.

==5624== Device "Tesla V100-SXM2-32GB (2)"
No kernels were profiled.

==5624== Device "Tesla V100-SXM2-32GB (3)"
No kernels were profiled.
