==5597== NVPROF is profiling process 5597, command: ./sandbox laex 268435456 2048 1024
==5597== Profiling application: ./sandbox laex 268435456 2048 1024
==5597== Profiling result:

==5597== Device "Tesla V100-SXM2-32GB (0)"
"Type","Time(%)","Time","Calls","Avg","Min","Max","Name"
,%,s,,s,s,s,
"GPU activities",99.985623,0.112389,10,0.011239,0.010983,0.011381,"localAtomicsKernelEx(unsigned int*, unsigned int, int)"
"GPU activities",0.014377,0.000016,10,0.000002,0.000002,0.000002,"[CUDA memcpy DtoH]"

==5597== Device "Tesla V100-SXM2-32GB (1)"
No kernels were profiled.

==5597== Device "Tesla V100-SXM2-32GB (2)"
No kernels were profiled.

==5597== Device "Tesla V100-SXM2-32GB (3)"
No kernels were profiled.
