==5832== NVPROF is profiling process 5832, command: ./sandbox laex 268435456 16384 16
==5832== Profiling application: ./sandbox laex 268435456 16384 16
==5832== Profiling result:

==5832== Device "Tesla V100-SXM2-32GB (0)"
"Type","Time(%)","Time","Calls","Avg","Min","Max","Name"
,%,s,,s,s,s,
"GPU activities",99.985899,0.115946,10,0.011595,0.011593,0.011596,"localAtomicsKernelEx(unsigned int*, unsigned int, int)"
"GPU activities",0.014101,0.000016,10,0.000002,0.000001,0.000002,"[CUDA memcpy DtoH]"

==5832== Device "Tesla V100-SXM2-32GB (1)"
No kernels were profiled.

==5832== Device "Tesla V100-SXM2-32GB (2)"
No kernels were profiled.

==5832== Device "Tesla V100-SXM2-32GB (3)"
No kernels were profiled.
