==5792== NVPROF is profiling process 5792, command: ./sandbox laex 268435456 8192 512
==5792== Profiling application: ./sandbox laex 268435456 8192 512
==5792== Profiling result:

==5792== Device "Tesla V100-SXM2-32GB (0)"
"Type","Time(%)","Time","Calls","Avg","Min","Max","Name"
,%,s,,s,s,s,
"GPU activities",99.972864,0.058121,10,0.005812,0.005807,0.005816,"localAtomicsKernelEx(unsigned int*, unsigned int, int)"
"GPU activities",0.027136,0.000016,10,0.000002,0.000001,0.000002,"[CUDA memcpy DtoH]"

==5792== Device "Tesla V100-SXM2-32GB (1)"
No kernels were profiled.

==5792== Device "Tesla V100-SXM2-32GB (2)"
No kernels were profiled.

==5792== Device "Tesla V100-SXM2-32GB (3)"
No kernels were profiled.
