==6516== NVPROF is profiling process 6516, command: ./sandbox laex 268435456 1048576 16
==6516== Profiling application: ./sandbox laex 268435456 1048576 16
==6516== Profiling result:

==6516== Device "Tesla V100-SXM2-32GB (0)"
"Type","Time(%)","Time","Calls","Avg","Min","Max","Name"
,%,s,,s,s,s,
"GPU activities",99.986042,0.115986,10,0.011599,0.011596,0.011600,"localAtomicsKernelEx(unsigned int*, unsigned int, int)"
"GPU activities",0.013958,0.000016,10,0.000002,0.000001,0.000002,"[CUDA memcpy DtoH]"

==6516== Device "Tesla V100-SXM2-32GB (1)"
No kernels were profiled.

==6516== Device "Tesla V100-SXM2-32GB (2)"
No kernels were profiled.

==6516== Device "Tesla V100-SXM2-32GB (3)"
No kernels were profiled.
