==6323== NVPROF is profiling process 6323, command: ./sandbox laex 268435456 524288 8
==6323== Profiling application: ./sandbox laex 268435456 524288 8
==6323== Profiling result:

==6323== Device "Tesla V100-SXM2-32GB (0)"
"Type","Time(%)","Time","Calls","Avg","Min","Max","Name"
,%,s,,s,s,s,
"GPU activities",99.992661,0.231949,10,0.023195,0.023192,0.023198,"localAtomicsKernelEx(unsigned int*, unsigned int, int)"
"GPU activities",0.007339,0.000017,10,0.000002,0.000002,0.000002,"[CUDA memcpy DtoH]"

==6323== Device "Tesla V100-SXM2-32GB (1)"
No kernels were profiled.

==6323== Device "Tesla V100-SXM2-32GB (2)"
No kernels were profiled.

==6323== Device "Tesla V100-SXM2-32GB (3)"
No kernels were profiled.
