==4939== NVPROF is profiling process 4939, command: ./sandbox laex 268435456 32 64
==4939== Profiling application: ./sandbox laex 268435456 32 64
==4939== Profiling result:

==4939== Device "Tesla V100-SXM2-32GB (0)"
"Type","Time(%)","Time","Calls","Avg","Min","Max","Name"
,%,s,,s,s,s,
"GPU activities",99.999418,2.891867,10,0.289187,0.289182,0.289196,"localAtomicsKernelEx(unsigned int*, unsigned int, int)"
"GPU activities",0.000582,0.000017,10,0.000002,0.000002,0.000002,"[CUDA memcpy DtoH]"

==4939== Device "Tesla V100-SXM2-32GB (1)"
No kernels were profiled.

==4939== Device "Tesla V100-SXM2-32GB (2)"
No kernels were profiled.

==4939== Device "Tesla V100-SXM2-32GB (3)"
No kernels were profiled.
