==6122== NVPROF is profiling process 6122, command: ./sandbox laex 268435456 131072 8
==6122== Profiling application: ./sandbox laex 268435456 131072 8
==6122== Profiling result:

==6122== Device "Tesla V100-SXM2-32GB (0)"
"Type","Time(%)","Time","Calls","Avg","Min","Max","Name"
,%,s,,s,s,s,
"GPU activities",99.992709,0.232133,10,0.023213,0.023207,0.023222,"localAtomicsKernelEx(unsigned int*, unsigned int, int)"
"GPU activities",0.007291,0.000017,10,0.000002,0.000002,0.000002,"[CUDA memcpy DtoH]"

==6122== Device "Tesla V100-SXM2-32GB (1)"
No kernels were profiled.

==6122== Device "Tesla V100-SXM2-32GB (2)"
No kernels were profiled.

==6122== Device "Tesla V100-SXM2-32GB (3)"
No kernels were profiled.
