==5856== NVPROF is profiling process 5856, command: ./sandbox laex 268435456 16384 64
==5856== Profiling application: ./sandbox laex 268435456 16384 64
==5856== Profiling result:

==5856== Device "Tesla V100-SXM2-32GB (0)"
"Type","Time(%)","Time","Calls","Avg","Min","Max","Name"
,%,s,,s,s,s,
"GPU activities",99.972790,0.057962,10,0.005796,0.005796,0.005797,"localAtomicsKernelEx(unsigned int*, unsigned int, int)"
"GPU activities",0.027210,0.000016,10,0.000002,0.000002,0.000002,"[CUDA memcpy DtoH]"

==5856== Device "Tesla V100-SXM2-32GB (1)"
No kernels were profiled.

==5856== Device "Tesla V100-SXM2-32GB (2)"
No kernels were profiled.

==5856== Device "Tesla V100-SXM2-32GB (3)"
No kernels were profiled.
