==5154== NVPROF is profiling process 5154, command: ./sandbox laex 268435456 128 128
==5154== Profiling application: ./sandbox laex 268435456 128 128
==5154== Profiling result:

==5154== Device "Tesla V100-SXM2-32GB (0)"
"Type","Time(%)","Time","Calls","Avg","Min","Max","Name"
,%,s,,s,s,s,
"GPU activities",99.997734,0.724437,10,0.072444,0.072325,0.072756,"localAtomicsKernelEx(unsigned int*, unsigned int, int)"
"GPU activities",0.002266,0.000016,10,0.000002,0.000002,0.000002,"[CUDA memcpy DtoH]"

==5154== Device "Tesla V100-SXM2-32GB (1)"
No kernels were profiled.

==5154== Device "Tesla V100-SXM2-32GB (2)"
No kernels were profiled.

==5154== Device "Tesla V100-SXM2-32GB (3)"
No kernels were profiled.
