==6058== NVPROF is profiling process 6058, command: ./sandbox laex 268435456 65536 64
==6058== Profiling application: ./sandbox laex 268435456 65536 64
==6058== Profiling result:

==6058== Device "Tesla V100-SXM2-32GB (0)"
"Type","Time(%)","Time","Calls","Avg","Min","Max","Name"
,%,s,,s,s,s,
"GPU activities",99.973181,0.057973,10,0.005797,0.005797,0.005798,"localAtomicsKernelEx(unsigned int*, unsigned int, int)"
"GPU activities",0.026819,0.000016,10,0.000002,0.000001,0.000002,"[CUDA memcpy DtoH]"

==6058== Device "Tesla V100-SXM2-32GB (1)"
No kernels were profiled.

==6058== Device "Tesla V100-SXM2-32GB (2)"
No kernels were profiled.

==6058== Device "Tesla V100-SXM2-32GB (3)"
No kernels were profiled.
