==6385== NVPROF is profiling process 6385, command: ./sandbox laex 268435456 524288 256
==6385== Profiling application: ./sandbox laex 268435456 524288 256
==6385== Profiling result:

==6385== Device "Tesla V100-SXM2-32GB (0)"
"Type","Time(%)","Time","Calls","Avg","Min","Max","Name"
,%,s,,s,s,s,
"GPU activities",99.972644,0.058005,10,0.005800,0.005798,0.005807,"localAtomicsKernelEx(unsigned int*, unsigned int, int)"
"GPU activities",0.027356,0.000016,10,0.000002,0.000001,0.000002,"[CUDA memcpy DtoH]"

==6385== Device "Tesla V100-SXM2-32GB (1)"
No kernels were profiled.

==6385== Device "Tesla V100-SXM2-32GB (2)"
No kernels were profiled.

==6385== Device "Tesla V100-SXM2-32GB (3)"
No kernels were profiled.
