==5920== NVPROF is profiling process 5920, command: ./sandbox laex 268435456 32768 8
==5920== Profiling application: ./sandbox laex 268435456 32768 8
==5920== Profiling result:

==5920== Device "Tesla V100-SXM2-32GB (0)"
"Type","Time(%)","Time","Calls","Avg","Min","Max","Name"
,%,s,,s,s,s,
"GPU activities",99.992878,0.231835,10,0.023184,0.023183,0.023184,"localAtomicsKernelEx(unsigned int*, unsigned int, int)"
"GPU activities",0.007122,0.000017,10,0.000002,0.000002,0.000002,"[CUDA memcpy DtoH]"

==5920== Device "Tesla V100-SXM2-32GB (1)"
No kernels were profiled.

==5920== Device "Tesla V100-SXM2-32GB (2)"
No kernels were profiled.

==5920== Device "Tesla V100-SXM2-32GB (3)"
No kernels were profiled.
