==5701== NVPROF is profiling process 5701, command: ./sandbox laex 268435456 4096 1024
==5701== Profiling application: ./sandbox laex 268435456 4096 1024
==5701== Profiling result:

==5701== Device "Tesla V100-SXM2-32GB (0)"
"Type","Time(%)","Time","Calls","Avg","Min","Max","Name"
,%,s,,s,s,s,
"GPU activities",99.973526,0.058244,10,0.005824,0.005823,0.005825,"localAtomicsKernelEx(unsigned int*, unsigned int, int)"
"GPU activities",0.026474,0.000015,10,0.000002,0.000001,0.000002,"[CUDA memcpy DtoH]"

==5701== Device "Tesla V100-SXM2-32GB (1)"
No kernels were profiled.

==5701== Device "Tesla V100-SXM2-32GB (2)"
No kernels were profiled.

==5701== Device "Tesla V100-SXM2-32GB (3)"
No kernels were profiled.
