==5585== NVPROF is profiling process 5585, command: ./sandbox laex 268435456 2048 512
==5585== Profiling application: ./sandbox laex 268435456 2048 512
==5585== Profiling result:

==5585== Device "Tesla V100-SXM2-32GB (0)"
"Type","Time(%)","Time","Calls","Avg","Min","Max","Name"
,%,s,,s,s,s,
"GPU activities",99.973156,0.059588,10,0.005959,0.005958,0.005959,"localAtomicsKernelEx(unsigned int*, unsigned int, int)"
"GPU activities",0.026844,0.000016,10,0.000002,0.000002,0.000002,"[CUDA memcpy DtoH]"

==5585== Device "Tesla V100-SXM2-32GB (1)"
No kernels were profiled.

==5585== Device "Tesla V100-SXM2-32GB (2)"
No kernels were profiled.

==5585== Device "Tesla V100-SXM2-32GB (3)"
No kernels were profiled.
