==4951== NVPROF is profiling process 4951, command: ./sandbox laex 268435456 32 128
==4951== Profiling application: ./sandbox laex 268435456 32 128
==4951== Profiling result:

==4951== Device "Tesla V100-SXM2-32GB (0)"
"Type","Time(%)","Time","Calls","Avg","Min","Max","Name"
,%,s,,s,s,s,
"GPU activities",99.999430,2.891823,10,0.289182,0.289180,0.289185,"localAtomicsKernelEx(unsigned int*, unsigned int, int)"
"GPU activities",0.000570,0.000016,10,0.000002,0.000002,0.000002,"[CUDA memcpy DtoH]"

==4951== Device "Tesla V100-SXM2-32GB (1)"
No kernels were profiled.

==4951== Device "Tesla V100-SXM2-32GB (2)"
No kernels were profiled.

==4951== Device "Tesla V100-SXM2-32GB (3)"
No kernels were profiled.
