==6146== NVPROF is profiling process 6146, command: ./sandbox laex 268435456 131072 32
==6146== Profiling application: ./sandbox laex 268435456 131072 32
==6146== Profiling result:

==6146== Device "Tesla V100-SXM2-32GB (0)"
"Type","Time(%)","Time","Calls","Avg","Min","Max","Name"
,%,s,,s,s,s,
"GPU activities",99.972913,0.057990,10,0.005799,0.005797,0.005811,"localAtomicsKernelEx(unsigned int*, unsigned int, int)"
"GPU activities",0.027087,0.000016,10,0.000002,0.000001,0.000002,"[CUDA memcpy DtoH]"

==6146== Device "Tesla V100-SXM2-32GB (1)"
No kernels were profiled.

==6146== Device "Tesla V100-SXM2-32GB (2)"
No kernels were profiled.

==6146== Device "Tesla V100-SXM2-32GB (3)"
No kernels were profiled.
