==4987== NVPROF is profiling process 4987, command: ./sandbox laex 268435456 32 1024
==4987== Profiling application: ./sandbox laex 268435456 32 1024
==4987== Profiling result:

==4987== Device "Tesla V100-SXM2-32GB (0)"
"Type","Time(%)","Time","Calls","Avg","Min","Max","Name"
,%,s,,s,s,s,
"GPU activities",99.999430,2.891843,10,0.289184,0.289180,0.289191,"localAtomicsKernelEx(unsigned int*, unsigned int, int)"
"GPU activities",0.000570,0.000016,10,0.000002,0.000002,0.000002,"[CUDA memcpy DtoH]"

==4987== Device "Tesla V100-SXM2-32GB (1)"
No kernels were profiled.

==4987== Device "Tesla V100-SXM2-32GB (2)"
No kernels were profiled.

==4987== Device "Tesla V100-SXM2-32GB (3)"
No kernels were profiled.
