==5461== NVPROF is profiling process 5461, command: ./sandbox laex 268435456 1024 128
==5461== Profiling application: ./sandbox laex 268435456 1024 128
==5461== Profiling result:

==5461== Device "Tesla V100-SXM2-32GB (0)"
"Type","Time(%)","Time","Calls","Avg","Min","Max","Name"
,%,s,,s,s,s,
"GPU activities",99.982556,0.090787,10,0.009079,0.009064,0.009107,"localAtomicsKernelEx(unsigned int*, unsigned int, int)"
"GPU activities",0.017444,0.000016,10,0.000002,0.000001,0.000002,"[CUDA memcpy DtoH]"

==5461== Device "Tesla V100-SXM2-32GB (1)"
No kernels were profiled.

==5461== Device "Tesla V100-SXM2-32GB (2)"
No kernels were profiled.

==5461== Device "Tesla V100-SXM2-32GB (3)"
No kernels were profiled.
