==5181== NVPROF is profiling process 5181, command: ./sandbox laex 268435456 128 512
==5181== Profiling application: ./sandbox laex 268435456 128 512
==5181== Profiling result:

==5181== Device "Tesla V100-SXM2-32GB (0)"
"Type","Time(%)","Time","Calls","Avg","Min","Max","Name"
,%,s,,s,s,s,
"GPU activities",99.997722,0.724707,10,0.072471,0.072323,0.072796,"localAtomicsKernelEx(unsigned int*, unsigned int, int)"
"GPU activities",0.002278,0.000017,10,0.000002,0.000002,0.000002,"[CUDA memcpy DtoH]"

==5181== Device "Tesla V100-SXM2-32GB (1)"
No kernels were profiled.

==5181== Device "Tesla V100-SXM2-32GB (2)"
No kernels were profiled.

==5181== Device "Tesla V100-SXM2-32GB (3)"
No kernels were profiled.
