==5142== NVPROF is profiling process 5142, command: ./sandbox laex 268435456 128 64
==5142== Profiling application: ./sandbox laex 268435456 128 64
==5142== Profiling result:

==5142== Device "Tesla V100-SXM2-32GB (0)"
"Type","Time(%)","Time","Calls","Avg","Min","Max","Name"
,%,s,,s,s,s,
"GPU activities",99.997721,0.723073,10,0.072307,0.072306,0.072308,"localAtomicsKernelEx(unsigned int*, unsigned int, int)"
"GPU activities",0.002279,0.000016,10,0.000002,0.000002,0.000002,"[CUDA memcpy DtoH]"

==5142== Device "Tesla V100-SXM2-32GB (1)"
No kernels were profiled.

==5142== Device "Tesla V100-SXM2-32GB (2)"
No kernels were profiled.

==5142== Device "Tesla V100-SXM2-32GB (3)"
No kernels were profiled.
