==6360== NVPROF is profiling process 6360, command: ./sandbox laex 268435456 524288 64
==6360== Profiling application: ./sandbox laex 268435456 524288 64
==6360== Profiling result:

==6360== Device "Tesla V100-SXM2-32GB (0)"
"Type","Time(%)","Time","Calls","Avg","Min","Max","Name"
,%,s,,s,s,s,
"GPU activities",99.972823,0.058034,10,0.005803,0.005800,0.005807,"localAtomicsKernelEx(unsigned int*, unsigned int, int)"
"GPU activities",0.027177,0.000016,10,0.000002,0.000001,0.000002,"[CUDA memcpy DtoH]"

==6360== Device "Tesla V100-SXM2-32GB (1)"
No kernels were profiled.

==6360== Device "Tesla V100-SXM2-32GB (2)"
No kernels were profiled.

==6360== Device "Tesla V100-SXM2-32GB (3)"
No kernels were profiled.
