==5548== NVPROF is profiling process 5548, command: ./sandbox laex 268435456 2048 64
==5548== Profiling application: ./sandbox laex 268435456 2048 64
==5548== Profiling result:

==5548== Device "Tesla V100-SXM2-32GB (0)"
"Type","Time(%)","Time","Calls","Avg","Min","Max","Name"
,%,s,,s,s,s,
"GPU activities",99.973203,0.061841,10,0.006184,0.006184,0.006184,"localAtomicsKernelEx(unsigned int*, unsigned int, int)"
"GPU activities",0.026797,0.000017,10,0.000002,0.000001,0.000002,"[CUDA memcpy DtoH]"

==5548== Device "Tesla V100-SXM2-32GB (1)"
No kernels were profiled.

==5548== Device "Tesla V100-SXM2-32GB (2)"
No kernels were profiled.

==5548== Device "Tesla V100-SXM2-32GB (3)"
No kernels were profiled.
