==5636== NVPROF is profiling process 5636, command: ./sandbox laex 268435456 4096 32
==5636== Profiling application: ./sandbox laex 268435456 4096 32
==5636== Profiling result:

==5636== Device "Tesla V100-SXM2-32GB (0)"
"Type","Time(%)","Time","Calls","Avg","Min","Max","Name"
,%,s,,s,s,s,
"GPU activities",99.974148,0.060884,10,0.006088,0.006088,0.006089,"localAtomicsKernelEx(unsigned int*, unsigned int, int)"
"GPU activities",0.025852,0.000016,10,0.000002,0.000001,0.000002,"[CUDA memcpy DtoH]"

==5636== Device "Tesla V100-SXM2-32GB (1)"
No kernels were profiled.

==5636== Device "Tesla V100-SXM2-32GB (2)"
No kernels were profiled.

==5636== Device "Tesla V100-SXM2-32GB (3)"
No kernels were profiled.
