==6246== NVPROF is profiling process 6246, command: ./sandbox laex 268435456 262144 32
==6246== Profiling application: ./sandbox laex 268435456 262144 32
==6246== Profiling result:

==6246== Device "Tesla V100-SXM2-32GB (0)"
"Type","Time(%)","Time","Calls","Avg","Min","Max","Name"
,%,s,,s,s,s,
"GPU activities",99.973229,0.058077,10,0.005808,0.005800,0.005814,"localAtomicsKernelEx(unsigned int*, unsigned int, int)"
"GPU activities",0.026771,0.000016,10,0.000002,0.000001,0.000002,"[CUDA memcpy DtoH]"

==6246== Device "Tesla V100-SXM2-32GB (1)"
No kernels were profiled.

==6246== Device "Tesla V100-SXM2-32GB (2)"
No kernels were profiled.

==6246== Device "Tesla V100-SXM2-32GB (3)"
No kernels were profiled.
