==6082== NVPROF is profiling process 6082, command: ./sandbox laex 268435456 65536 256
==6082== Profiling application: ./sandbox laex 268435456 65536 256
==6082== Profiling result:

==6082== Device "Tesla V100-SXM2-32GB (0)"
"Type","Time(%)","Time","Calls","Avg","Min","Max","Name"
,%,s,,s,s,s,
"GPU activities",99.971968,0.057975,10,0.005797,0.005797,0.005798,"localAtomicsKernelEx(unsigned int*, unsigned int, int)"
"GPU activities",0.028032,0.000016,10,0.000002,0.000001,0.000002,"[CUDA memcpy DtoH]"

==6082== Device "Tesla V100-SXM2-32GB (1)"
No kernels were profiled.

==6082== Device "Tesla V100-SXM2-32GB (2)"
No kernels were profiled.

==6082== Device "Tesla V100-SXM2-32GB (3)"
No kernels were profiled.
