==5412== NVPROF is profiling process 5412, command: ./sandbox laex 268435456 1024 8
==5412== Profiling application: ./sandbox laex 268435456 1024 8
==5412== Profiling result:

==5412== Device "Tesla V100-SXM2-32GB (0)"
"Type","Time(%)","Time","Calls","Avg","Min","Max","Name"
,%,s,,s,s,s,
"GPU activities",99.993273,0.243540,10,0.024354,0.024353,0.024355,"localAtomicsKernelEx(unsigned int*, unsigned int, int)"
"GPU activities",0.006727,0.000016,10,0.000002,0.000002,0.000002,"[CUDA memcpy DtoH]"

==5412== Device "Tesla V100-SXM2-32GB (1)"
No kernels were profiled.

==5412== Device "Tesla V100-SXM2-32GB (2)"
No kernels were profiled.

==5412== Device "Tesla V100-SXM2-32GB (3)"
No kernels were profiled.
