==4847== NVPROF is profiling process 4847, command: ./sandbox laex 268435456 16 128
==4847== Profiling application: ./sandbox laex 268435456 16 128
==4847== Profiling result:

==4847== Device "Tesla V100-SXM2-32GB (0)"
"Type","Time(%)","Time","Calls","Avg","Min","Max","Name"
,%,s,,s,s,s,
"GPU activities",99.999709,5.783696,10,0.578370,0.578360,0.578376,"localAtomicsKernelEx(unsigned int*, unsigned int, int)"
"GPU activities",0.000291,0.000017,10,0.000002,0.000002,0.000002,"[CUDA memcpy DtoH]"

==4847== Device "Tesla V100-SXM2-32GB (1)"
No kernels were profiled.

==4847== Device "Tesla V100-SXM2-32GB (2)"
No kernels were profiled.

==4847== Device "Tesla V100-SXM2-32GB (3)"
No kernels were profiled.
