==5780== NVPROF is profiling process 5780, command: ./sandbox laex 268435456 8192 256
==5780== Profiling application: ./sandbox laex 268435456 8192 256
==5780== Profiling result:

==5780== Device "Tesla V100-SXM2-32GB (0)"
"Type","Time(%)","Time","Calls","Avg","Min","Max","Name"
,%,s,,s,s,s,
"GPU activities",99.972514,0.057962,10,0.005796,0.005796,0.005797,"localAtomicsKernelEx(unsigned int*, unsigned int, int)"
"GPU activities",0.027486,0.000016,10,0.000002,0.000001,0.000002,"[CUDA memcpy DtoH]"

==5780== Device "Tesla V100-SXM2-32GB (1)"
No kernels were profiled.

==5780== Device "Tesla V100-SXM2-32GB (2)"
No kernels were profiled.

==5780== Device "Tesla V100-SXM2-32GB (3)"
No kernels were profiled.
