==6295== NVPROF is profiling process 6295, command: ./sandbox laex 268435456 262144 512
==6295== Profiling application: ./sandbox laex 268435456 262144 512
==6295== Profiling result:

==6295== Device "Tesla V100-SXM2-32GB (0)"
"Type","Time(%)","Time","Calls","Avg","Min","Max","Name"
,%,s,,s,s,s,
"GPU activities",99.972853,0.057980,10,0.005798,0.005798,0.005799,"localAtomicsKernelEx(unsigned int*, unsigned int, int)"
"GPU activities",0.027147,0.000016,10,0.000002,0.000001,0.000002,"[CUDA memcpy DtoH]"

==6295== Device "Tesla V100-SXM2-32GB (1)"
No kernels were profiled.

==6295== Device "Tesla V100-SXM2-32GB (2)"
No kernels were profiled.

==6295== Device "Tesla V100-SXM2-32GB (3)"
No kernels were profiled.
