==4713== NVPROF is profiling process 4713, command: ./sandbox laex 268435456 8 32
==4713== Profiling application: ./sandbox laex 268435456 8 32
==4713== Profiling result:

==4713== Device "Tesla V100-SXM2-32GB (0)"
"Type","Time(%)","Time","Calls","Avg","Min","Max","Name"
,%,s,,s,s,s,
"GPU activities",99.999857,11.568848,10,1.156885,1.156867,1.156913,"localAtomicsKernelEx(unsigned int*, unsigned int, int)"
"GPU activities",0.000143,0.000017,10,0.000002,0.000002,0.000002,"[CUDA memcpy DtoH]"

==4713== Device "Tesla V100-SXM2-32GB (1)"
No kernels were profiled.

==4713== Device "Tesla V100-SXM2-32GB (2)"
No kernels were profiled.

==4713== Device "Tesla V100-SXM2-32GB (3)"
No kernels were profiled.
