==5396== NVPROF is profiling process 5396, command: ./sandbox laex 268435456 512 1024
==5396== Profiling application: ./sandbox laex 268435456 512 1024
==5396== Profiling result:

==5396== Device "Tesla V100-SXM2-32GB (0)"
"Type","Time(%)","Time","Calls","Avg","Min","Max","Name"
,%,s,,s,s,s,
"GPU activities",99.992400,0.221874,10,0.022187,0.022146,0.022223,"localAtomicsKernelEx(unsigned int*, unsigned int, int)"
"GPU activities",0.007600,0.000017,10,0.000002,0.000002,0.000002,"[CUDA memcpy DtoH]"

==5396== Device "Tesla V100-SXM2-32GB (1)"
No kernels were profiled.

==5396== Device "Tesla V100-SXM2-32GB (2)"
No kernels were profiled.

==5396== Device "Tesla V100-SXM2-32GB (3)"
No kernels were profiled.
