==5372== NVPROF is profiling process 5372, command: ./sandbox laex 268435456 512 256
==5372== Profiling application: ./sandbox laex 268435456 512 256
==5372== Profiling result:

==5372== Device "Tesla V100-SXM2-32GB (0)"
"Type","Time(%)","Time","Calls","Avg","Min","Max","Name"
,%,s,,s,s,s,
"GPU activities",99.991163,0.188285,10,0.018829,0.018772,0.018900,"localAtomicsKernelEx(unsigned int*, unsigned int, int)"
"GPU activities",0.008837,0.000017,10,0.000002,0.000001,0.000002,"[CUDA memcpy DtoH]"

==5372== Device "Tesla V100-SXM2-32GB (1)"
No kernels were profiled.

==5372== Device "Tesla V100-SXM2-32GB (2)"
No kernels were profiled.

==5372== Device "Tesla V100-SXM2-32GB (3)"
No kernels were profiled.
