==5281== NVPROF is profiling process 5281, command: ./sandbox laex 268435456 256 512
==5281== Profiling application: ./sandbox laex 268435456 256 512
==5281== Profiling result:

==5281== Device "Tesla V100-SXM2-32GB (0)"
"Type","Time(%)","Time","Calls","Avg","Min","Max","Name"
,%,s,,s,s,s,
"GPU activities",99.995462,0.372970,10,0.037297,0.037142,0.037399,"localAtomicsKernelEx(unsigned int*, unsigned int, int)"
"GPU activities",0.004538,0.000017,10,0.000002,0.000002,0.000002,"[CUDA memcpy DtoH]"

==5281== Device "Tesla V100-SXM2-32GB (1)"
No kernels were profiled.

==5281== Device "Tesla V100-SXM2-32GB (2)"
No kernels were profiled.

==5281== Device "Tesla V100-SXM2-32GB (3)"
No kernels were profiled.
