==5572== NVPROF is profiling process 5572, command: ./sandbox laex 268435456 2048 256
==5572== Profiling application: ./sandbox laex 268435456 2048 256
==5572== Profiling result:

==5572== Device "Tesla V100-SXM2-32GB (0)"
"Type","Time(%)","Time","Calls","Avg","Min","Max","Name"
,%,s,,s,s,s,
"GPU activities",99.977229,0.075587,10,0.007559,0.007510,0.007616,"localAtomicsKernelEx(unsigned int*, unsigned int, int)"
"GPU activities",0.022771,0.000017,10,0.000002,0.000002,0.000002,"[CUDA memcpy DtoH]"

==5572== Device "Tesla V100-SXM2-32GB (1)"
No kernels were profiled.

==5572== Device "Tesla V100-SXM2-32GB (2)"
No kernels were profiled.

==5572== Device "Tesla V100-SXM2-32GB (3)"
No kernels were profiled.
