==6504== NVPROF is profiling process 6504, command: ./sandbox laex 268435456 1048576 8
==6504== Profiling application: ./sandbox laex 268435456 1048576 8
==6504== Profiling result:

==6504== Device "Tesla V100-SXM2-32GB (0)"
"Type","Time(%)","Time","Calls","Avg","Min","Max","Name"
,%,s,,s,s,s,
"GPU activities",99.993183,0.263321,10,0.026332,0.024729,0.027122,"localAtomicsKernelEx(unsigned int*, unsigned int, int)"
"GPU activities",0.006817,0.000018,10,0.000002,0.000002,0.000002,"[CUDA memcpy DtoH]"

==6504== Device "Tesla V100-SXM2-32GB (1)"
No kernels were profiled.

==6504== Device "Tesla V100-SXM2-32GB (2)"
No kernels were profiled.

==6504== Device "Tesla V100-SXM2-32GB (3)"
No kernels were profiled.
