==4822== NVPROF is profiling process 4822, command: ./sandbox laex 268435456 16 32
==4822== Profiling application: ./sandbox laex 268435456 16 32
==4822== Profiling result:

==4822== Device "Tesla V100-SXM2-32GB (0)"
"Type","Time(%)","Time","Calls","Avg","Min","Max","Name"
,%,s,,s,s,s,
"GPU activities",99.999704,5.783819,10,0.578382,0.578372,0.578394,"localAtomicsKernelEx(unsigned int*, unsigned int, int)"
"GPU activities",0.000296,0.000017,10,0.000002,0.000002,0.000002,"[CUDA memcpy DtoH]"

==4822== Device "Tesla V100-SXM2-32GB (1)"
No kernels were profiled.

==4822== Device "Tesla V100-SXM2-32GB (2)"
No kernels were profiled.

==4822== Device "Tesla V100-SXM2-32GB (3)"
No kernels were profiled.
