==6590== NVPROF is profiling process 6590, command: ./sandbox laex 268435456 1048576 1024
==6590== Profiling application: ./sandbox laex 268435456 1048576 1024
==6590== Profiling result:

==6590== Device "Tesla V100-SXM2-32GB (0)"
"Type","Time(%)","Time","Calls","Avg","Min","Max","Name"
,%,s,,s,s,s,
"GPU activities",99.973130,0.057982,10,0.005798,0.005798,0.005799,"localAtomicsKernelEx(unsigned int*, unsigned int, int)"
"GPU activities",0.026870,0.000016,10,0.000002,0.000001,0.000002,"[CUDA memcpy DtoH]"

==6590== Device "Tesla V100-SXM2-32GB (1)"
No kernels were profiled.

==6590== Device "Tesla V100-SXM2-32GB (2)"
No kernels were profiled.

==6590== Device "Tesla V100-SXM2-32GB (3)"
No kernels were profiled.
