==5881== NVPROF is profiling process 5881, command: ./sandbox laex 268435456 16384 256
==5881== Profiling application: ./sandbox laex 268435456 16384 256
==5881== Profiling result:

==5881== Device "Tesla V100-SXM2-32GB (0)"
"Type","Time(%)","Time","Calls","Avg","Min","Max","Name"
,%,s,,s,s,s,
"GPU activities",99.972571,0.057967,10,0.005797,0.005796,0.005797,"localAtomicsKernelEx(unsigned int*, unsigned int, int)"
"GPU activities",0.027429,0.000016,10,0.000002,0.000001,0.000002,"[CUDA memcpy DtoH]"

==5881== Device "Tesla V100-SXM2-32GB (1)"
No kernels were profiled.

==5881== Device "Tesla V100-SXM2-32GB (2)"
No kernels were profiled.

==5881== Device "Tesla V100-SXM2-32GB (3)"
No kernels were profiled.
