==5106== NVPROF is profiling process 5106, command: ./sandbox laex 268435456 128 8
==5106== Profiling application: ./sandbox laex 268435456 128 8
==5106== Profiling result:

==5106== Device "Tesla V100-SXM2-32GB (0)"
"Type","Time(%)","Time","Calls","Avg","Min","Max","Name"
,%,s,,s,s,s,
"GPU activities",99.997697,0.723773,10,0.072377,0.072357,0.072410,"localAtomicsKernelEx(unsigned int*, unsigned int, int)"
"GPU activities",0.002303,0.000017,10,0.000002,0.000002,0.000002,"[CUDA memcpy DtoH]"

==5106== Device "Tesla V100-SXM2-32GB (1)"
No kernels were profiled.

==5106== Device "Tesla V100-SXM2-32GB (2)"
No kernels were profiled.

==5106== Device "Tesla V100-SXM2-32GB (3)"
No kernels were profiled.
