==5066== NVPROF is profiling process 5066, command: ./sandbox laex 268435456 64 256
==5066== Profiling application: ./sandbox laex 268435456 64 256
==5066== Profiling result:

==5066== Device "Tesla V100-SXM2-32GB (0)"
"Type","Time(%)","Time","Calls","Avg","Min","Max","Name"
,%,s,,s,s,s,
"GPU activities",99.998860,1.445953,10,0.144595,0.144593,0.144597,"localAtomicsKernelEx(unsigned int*, unsigned int, int)"
"GPU activities",0.001140,0.000016,10,0.000002,0.000002,0.000002,"[CUDA memcpy DtoH]"

==5066== Device "Tesla V100-SXM2-32GB (1)"
No kernels were profiled.

==5066== Device "Tesla V100-SXM2-32GB (2)"
No kernels were profiled.

==5066== Device "Tesla V100-SXM2-32GB (3)"
No kernels were profiled.
