==5932== NVPROF is profiling process 5932, command: ./sandbox laex 268435456 32768 16
==5932== Profiling application: ./sandbox laex 268435456 32768 16
==5932== Profiling result:

==5932== Device "Tesla V100-SXM2-32GB (0)"
"Type","Time(%)","Time","Calls","Avg","Min","Max","Name"
,%,s,,s,s,s,
"GPU activities",99.985901,0.115965,10,0.011596,0.011594,0.011605,"localAtomicsKernelEx(unsigned int*, unsigned int, int)"
"GPU activities",0.014099,0.000016,10,0.000002,0.000001,0.000002,"[CUDA memcpy DtoH]"

==5932== Device "Tesla V100-SXM2-32GB (1)"
No kernels were profiled.

==5932== Device "Tesla V100-SXM2-32GB (2)"
No kernels were profiled.

==5932== Device "Tesla V100-SXM2-32GB (3)"
No kernels were profiled.
