==5968== NVPROF is profiling process 5968, command: ./sandbox laex 268435456 32768 128
==5968== Profiling application: ./sandbox laex 268435456 32768 128
==5968== Profiling result:

==5968== Device "Tesla V100-SXM2-32GB (0)"
"Type","Time(%)","Time","Calls","Avg","Min","Max","Name"
,%,s,,s,s,s,
"GPU activities",99.972848,0.057969,10,0.005797,0.005797,0.005797,"localAtomicsKernelEx(unsigned int*, unsigned int, int)"
"GPU activities",0.027152,0.000016,10,0.000002,0.000001,0.000002,"[CUDA memcpy DtoH]"

==5968== Device "Tesla V100-SXM2-32GB (1)"
No kernels were profiled.

==5968== Device "Tesla V100-SXM2-32GB (2)"
No kernels were profiled.

==5968== Device "Tesla V100-SXM2-32GB (3)"
No kernels were profiled.
