==5257== NVPROF is profiling process 5257, command: ./sandbox laex 268435456 256 128
==5257== Profiling application: ./sandbox laex 268435456 256 128
==5257== Profiling result:

==5257== Device "Tesla V100-SXM2-32GB (0)"
"Type","Time(%)","Time","Calls","Avg","Min","Max","Name"
,%,s,,s,s,s,
"GPU activities",99.995351,0.362701,10,0.036270,0.036205,0.036407,"localAtomicsKernelEx(unsigned int*, unsigned int, int)"
"GPU activities",0.004649,0.000017,10,0.000002,0.000002,0.000002,"[CUDA memcpy DtoH]"

==5257== Device "Tesla V100-SXM2-32GB (1)"
No kernels were profiled.

==5257== Device "Tesla V100-SXM2-32GB (2)"
No kernels were profiled.

==5257== Device "Tesla V100-SXM2-32GB (3)"
No kernels were profiled.
