==5003== NVPROF is profiling process 5003, command: ./sandbox laex 268435456 64 8
==5003== Profiling application: ./sandbox laex 268435456 64 8
==5003== Profiling result:

==5003== Device "Tesla V100-SXM2-32GB (0)"
"Type","Time(%)","Time","Calls","Avg","Min","Max","Name"
,%,s,,s,s,s,
"GPU activities",99.998837,1.447174,10,0.144717,0.144675,0.144745,"localAtomicsKernelEx(unsigned int*, unsigned int, int)"
"GPU activities",0.001163,0.000017,10,0.000002,0.000002,0.000002,"[CUDA memcpy DtoH]"

==5003== Device "Tesla V100-SXM2-32GB (1)"
No kernels were profiled.

==5003== Device "Tesla V100-SXM2-32GB (2)"
No kernels were profiled.

==5003== Device "Tesla V100-SXM2-32GB (3)"
No kernels were profiled.
