==5524== NVPROF is profiling process 5524, command: ./sandbox laex 268435456 2048 16
==5524== Profiling application: ./sandbox laex 268435456 2048 16
==5524== Profiling result:

==5524== Device "Tesla V100-SXM2-32GB (0)"
"Type","Time(%)","Time","Calls","Avg","Min","Max","Name"
,%,s,,s,s,s,
"GPU activities",99.986520,0.121761,10,0.012176,0.012175,0.012177,"localAtomicsKernelEx(unsigned int*, unsigned int, int)"
"GPU activities",0.013480,0.000016,10,0.000002,0.000001,0.000002,"[CUDA memcpy DtoH]"

==5524== Device "Tesla V100-SXM2-32GB (1)"
No kernels were profiled.

==5524== Device "Tesla V100-SXM2-32GB (2)"
No kernels were profiled.

==5524== Device "Tesla V100-SXM2-32GB (3)"
No kernels were profiled.
