==5130== NVPROF is profiling process 5130, command: ./sandbox laex 268435456 128 32
==5130== Profiling application: ./sandbox laex 268435456 128 32
==5130== Profiling result:

==5130== Device "Tesla V100-SXM2-32GB (0)"
"Type","Time(%)","Time","Calls","Avg","Min","Max","Name"
,%,s,,s,s,s,
"GPU activities",99.997723,0.723743,10,0.072374,0.072357,0.072388,"localAtomicsKernelEx(unsigned int*, unsigned int, int)"
"GPU activities",0.002277,0.000016,10,0.000002,0.000002,0.000002,"[CUDA memcpy DtoH]"

==5130== Device "Tesla V100-SXM2-32GB (1)"
No kernels were profiled.

==5130== Device "Tesla V100-SXM2-32GB (2)"
No kernels were profiled.

==5130== Device "Tesla V100-SXM2-32GB (3)"
No kernels were profiled.
