==6106== NVPROF is profiling process 6106, command: ./sandbox laex 268435456 65536 1024
==6106== Profiling application: ./sandbox laex 268435456 65536 1024
==6106== Profiling result:

==6106== Device "Tesla V100-SXM2-32GB (0)"
"Type","Time(%)","Time","Calls","Avg","Min","Max","Name"
,%,s,,s,s,s,
"GPU activities",99.973459,0.057978,10,0.005798,0.005798,0.005798,"localAtomicsKernelEx(unsigned int*, unsigned int, int)"
"GPU activities",0.026541,0.000015,10,0.000002,0.000001,0.000002,"[CUDA memcpy DtoH]"

==6106== Device "Tesla V100-SXM2-32GB (1)"
No kernels were profiled.

==6106== Device "Tesla V100-SXM2-32GB (2)"
No kernels were profiled.

==6106== Device "Tesla V100-SXM2-32GB (3)"
No kernels were profiled.
