==5425== NVPROF is profiling process 5425, command: ./sandbox laex 268435456 1024 16
==5425== Profiling application: ./sandbox laex 268435456 1024 16
==5425== Profiling result:

==5425== Device "Tesla V100-SXM2-32GB (0)"
"Type","Time(%)","Time","Calls","Avg","Min","Max","Name"
,%,s,,s,s,s,
"GPU activities",99.986585,0.120681,10,0.012068,0.012067,0.012069,"localAtomicsKernelEx(unsigned int*, unsigned int, int)"
"GPU activities",0.013415,0.000016,10,0.000002,0.000001,0.000002,"[CUDA memcpy DtoH]"

==5425== Device "Tesla V100-SXM2-32GB (1)"
No kernels were profiled.

==5425== Device "Tesla V100-SXM2-32GB (2)"
No kernels were profiled.

==5425== Device "Tesla V100-SXM2-32GB (3)"
No kernels were profiled.
