==4688== NVPROF is profiling process 4688, command: ./sandbox laex 268435456 8 8
==4688== Profiling application: ./sandbox laex 268435456 8 8
==4688== Profiling result:

==4688== Device "Tesla V100-SXM2-32GB (0)"
"Type","Time(%)","Time","Calls","Avg","Min","Max","Name"
,%,s,,s,s,s,
"GPU activities",99.999855,11.607176,10,1.160718,1.156924,1.194483,"localAtomicsKernelEx(unsigned int*, unsigned int, int)"
"GPU activities",0.000145,0.000017,10,0.000002,0.000002,0.000002,"[CUDA memcpy DtoH]"

==4688== Device "Tesla V100-SXM2-32GB (1)"
No kernels were profiled.

==4688== Device "Tesla V100-SXM2-32GB (2)"
No kernels were profiled.

==4688== Device "Tesla V100-SXM2-32GB (3)"
No kernels were profiled.
