==5384== NVPROF is profiling process 5384, command: ./sandbox laex 268435456 512 512
==5384== Profiling application: ./sandbox laex 268435456 512 512
==5384== Profiling result:

==5384== Device "Tesla V100-SXM2-32GB (0)"
"Type","Time(%)","Time","Calls","Avg","Min","Max","Name"
,%,s,,s,s,s,
"GPU activities",99.992386,0.221879,10,0.022188,0.022152,0.022221,"localAtomicsKernelEx(unsigned int*, unsigned int, int)"
"GPU activities",0.007614,0.000017,10,0.000002,0.000002,0.000002,"[CUDA memcpy DtoH]"

==5384== Device "Tesla V100-SXM2-32GB (1)"
No kernels were profiled.

==5384== Device "Tesla V100-SXM2-32GB (2)"
No kernels were profiled.

==5384== Device "Tesla V100-SXM2-32GB (3)"
No kernels were profiled.
