==5348== NVPROF is profiling process 5348, command: ./sandbox laex 268435456 512 64
==5348== Profiling application: ./sandbox laex 268435456 512 64
==5348== Profiling result:

==5348== Device "Tesla V100-SXM2-32GB (0)"
"Type","Time(%)","Time","Calls","Avg","Min","Max","Name"
,%,s,,s,s,s,
"GPU activities",99.990627,0.180928,10,0.018093,0.018090,0.018095,"localAtomicsKernelEx(unsigned int*, unsigned int, int)"
"GPU activities",0.009373,0.000017,10,0.000002,0.000001,0.000002,"[CUDA memcpy DtoH]"

==5348== Device "Tesla V100-SXM2-32GB (1)"
No kernels were profiled.

==5348== Device "Tesla V100-SXM2-32GB (2)"
No kernels were profiled.

==5348== Device "Tesla V100-SXM2-32GB (3)"
No kernels were profiled.
