==5208== NVPROF is profiling process 5208, command: ./sandbox laex 268435456 256 8
==5208== Profiling application: ./sandbox laex 268435456 256 8
==5208== Profiling result:

==5208== Device "Tesla V100-SXM2-32GB (0)"
"Type","Time(%)","Time","Calls","Avg","Min","Max","Name"
,%,s,,s,s,s,
"GPU activities",99.995367,0.361912,10,0.036191,0.036183,0.036199,"localAtomicsKernelEx(unsigned int*, unsigned int, int)"
"GPU activities",0.004633,0.000017,10,0.000002,0.000002,0.000002,"[CUDA memcpy DtoH]"

==5208== Device "Tesla V100-SXM2-32GB (1)"
No kernels were profiled.

==5208== Device "Tesla V100-SXM2-32GB (2)"
No kernels were profiled.

==5208== Device "Tesla V100-SXM2-32GB (3)"
No kernels were profiled.
