==5673== NVPROF is profiling process 5673, command: ./sandbox laex 268435456 4096 256
==5673== Profiling application: ./sandbox laex 268435456 4096 256
==5673== Profiling result:

==5673== Device "Tesla V100-SXM2-32GB (0)"
"Type","Time(%)","Time","Calls","Avg","Min","Max","Name"
,%,s,,s,s,s,
"GPU activities",99.972347,0.057960,10,0.005796,0.005796,0.005796,"localAtomicsKernelEx(unsigned int*, unsigned int, int)"
"GPU activities",0.027653,0.000016,10,0.000002,0.000001,0.000002,"[CUDA memcpy DtoH]"

==5673== Device "Tesla V100-SXM2-32GB (1)"
No kernels were profiled.

==5673== Device "Tesla V100-SXM2-32GB (2)"
No kernels were profiled.

==5673== Device "Tesla V100-SXM2-32GB (3)"
No kernels were profiled.
