==4780== NVPROF is profiling process 4780, command: ./sandbox laex 268435456 8 1024
==4780== Profiling application: ./sandbox laex 268435456 8 1024
==4780== Profiling result:

==4780== Device "Tesla V100-SXM2-32GB (0)"
"Type","Time(%)","Time","Calls","Avg","Min","Max","Name"
,%,s,,s,s,s,
"GPU activities",99.999853,11.568256,10,1.156826,1.156799,1.156852,"localAtomicsKernelEx(unsigned int*, unsigned int, int)"
"GPU activities",0.000147,0.000017,10,0.000002,0.000002,0.000002,"[CUDA memcpy DtoH]"

==4780== Device "Tesla V100-SXM2-32GB (1)"
No kernels were profiled.

==4780== Device "Tesla V100-SXM2-32GB (2)"
No kernels were profiled.

==4780== Device "Tesla V100-SXM2-32GB (3)"
No kernels were profiled.
