==6134== NVPROF is profiling process 6134, command: ./sandbox laex 268435456 131072 16
==6134== Profiling application: ./sandbox laex 268435456 131072 16
==6134== Profiling result:

==6134== Device "Tesla V100-SXM2-32GB (0)"
"Type","Time(%)","Time","Calls","Avg","Min","Max","Name"
,%,s,,s,s,s,
"GPU activities",99.986039,0.116195,10,0.011619,0.011611,0.011633,"localAtomicsKernelEx(unsigned int*, unsigned int, int)"
"GPU activities",0.013961,0.000016,10,0.000002,0.000001,0.000002,"[CUDA memcpy DtoH]"

==6134== Device "Tesla V100-SXM2-32GB (1)"
No kernels were profiled.

==6134== Device "Tesla V100-SXM2-32GB (2)"
No kernels were profiled.

==6134== Device "Tesla V100-SXM2-32GB (3)"
No kernels were profiled.
