==5053== NVPROF is profiling process 5053, command: ./sandbox laex 268435456 64 128
==5053== Profiling application: ./sandbox laex 268435456 64 128
==5053== Profiling result:

==5053== Device "Tesla V100-SXM2-32GB (0)"
"Type","Time(%)","Time","Calls","Avg","Min","Max","Name"
,%,s,,s,s,s,
"GPU activities",99.998843,1.445920,10,0.144592,0.144589,0.144596,"localAtomicsKernelEx(unsigned int*, unsigned int, int)"
"GPU activities",0.001157,0.000017,10,0.000002,0.000002,0.000002,"[CUDA memcpy DtoH]"

==5053== Device "Tesla V100-SXM2-32GB (1)"
No kernels were profiled.

==5053== Device "Tesla V100-SXM2-32GB (2)"
No kernels were profiled.

==5053== Device "Tesla V100-SXM2-32GB (3)"
No kernels were profiled.
