==6335== NVPROF is profiling process 6335, command: ./sandbox laex 268435456 524288 16
==6335== Profiling application: ./sandbox laex 268435456 524288 16
==6335== Profiling result:

==6335== Device "Tesla V100-SXM2-32GB (0)"
"Type","Time(%)","Time","Calls","Avg","Min","Max","Name"
,%,s,,s,s,s,
"GPU activities",99.985744,0.116035,10,0.011604,0.011601,0.011607,"localAtomicsKernelEx(unsigned int*, unsigned int, int)"
"GPU activities",0.014256,0.000017,10,0.000002,0.000001,0.000002,"[CUDA memcpy DtoH]"

==6335== Device "Tesla V100-SXM2-32GB (1)"
No kernels were profiled.

==6335== Device "Tesla V100-SXM2-32GB (2)"
No kernels were profiled.

==6335== Device "Tesla V100-SXM2-32GB (3)"
No kernels were profiled.
