==5804== NVPROF is profiling process 5804, command: ./sandbox laex 268435456 8192 1024
==5804== Profiling application: ./sandbox laex 268435456 8192 1024
==5804== Profiling result:

==5804== Device "Tesla V100-SXM2-32GB (0)"
"Type","Time(%)","Time","Calls","Avg","Min","Max","Name"
,%,s,,s,s,s,
"GPU activities",99.973154,0.058034,10,0.005803,0.005803,0.005804,"localAtomicsKernelEx(unsigned int*, unsigned int, int)"
"GPU activities",0.026846,0.000016,10,0.000002,0.000001,0.000002,"[CUDA memcpy DtoH]"

==5804== Device "Tesla V100-SXM2-32GB (1)"
No kernels were profiled.

==5804== Device "Tesla V100-SXM2-32GB (2)"
No kernels were profiled.

==5804== Device "Tesla V100-SXM2-32GB (3)"
No kernels were profiled.
