==5269== NVPROF is profiling process 5269, command: ./sandbox laex 268435456 256 256
==5269== Profiling application: ./sandbox laex 268435456 256 256
==5269== Profiling result:

==5269== Device "Tesla V100-SXM2-32GB (0)"
"Type","Time(%)","Time","Calls","Avg","Min","Max","Name"
,%,s,,s,s,s,
"GPU activities",99.995488,0.373002,10,0.037300,0.037110,0.037547,"localAtomicsKernelEx(unsigned int*, unsigned int, int)"
"GPU activities",0.004512,0.000017,10,0.000002,0.000002,0.000002,"[CUDA memcpy DtoH]"

==5269== Device "Tesla V100-SXM2-32GB (1)"
No kernels were profiled.

==5269== Device "Tesla V100-SXM2-32GB (2)"
No kernels were profiled.

==5269== Device "Tesla V100-SXM2-32GB (3)"
No kernels were profiled.
