==4872== NVPROF is profiling process 4872, command: ./sandbox laex 268435456 16 512
==4872== Profiling application: ./sandbox laex 268435456 16 512
==4872== Profiling result:

==4872== Device "Tesla V100-SXM2-32GB (0)"
"Type","Time(%)","Time","Calls","Avg","Min","Max","Name"
,%,s,,s,s,s,
"GPU activities",99.999706,5.783705,10,0.578371,0.578361,0.578381,"localAtomicsKernelEx(unsigned int*, unsigned int, int)"
"GPU activities",0.000294,0.000017,10,0.000002,0.000002,0.000002,"[CUDA memcpy DtoH]"

==4872== Device "Tesla V100-SXM2-32GB (1)"
No kernels were profiled.

==4872== Device "Tesla V100-SXM2-32GB (2)"
No kernels were profiled.

==4872== Device "Tesla V100-SXM2-32GB (3)"
No kernels were profiled.
