==5717== NVPROF is profiling process 5717, command: ./sandbox laex 268435456 8192 8
==5717== Profiling application: ./sandbox laex 268435456 8192 8
==5717== Profiling result:

==5717== Device "Tesla V100-SXM2-32GB (0)"
"Type","Time(%)","Time","Calls","Avg","Min","Max","Name"
,%,s,,s,s,s,
"GPU activities",99.992617,0.231865,10,0.023187,0.023181,0.023190,"localAtomicsKernelEx(unsigned int*, unsigned int, int)"
"GPU activities",0.007383,0.000017,10,0.000002,0.000002,0.000002,"[CUDA memcpy DtoH]"

==5717== Device "Tesla V100-SXM2-32GB (1)"
No kernels were profiled.

==5717== Device "Tesla V100-SXM2-32GB (2)"
No kernels were profiled.

==5717== Device "Tesla V100-SXM2-32GB (3)"
No kernels were profiled.
