==5993== NVPROF is profiling process 5993, command: ./sandbox laex 268435456 32768 512
==5993== Profiling application: ./sandbox laex 268435456 32768 512
==5993== Profiling result:

==5993== Device "Tesla V100-SXM2-32GB (0)"
"Type","Time(%)","Time","Calls","Avg","Min","Max","Name"
,%,s,,s,s,s,
"GPU activities",99.972796,0.057976,10,0.005798,0.005797,0.005798,"localAtomicsKernelEx(unsigned int*, unsigned int, int)"
"GPU activities",0.027204,0.000016,10,0.000002,0.000002,0.000002,"[CUDA memcpy DtoH]"

==5993== Device "Tesla V100-SXM2-32GB (1)"
No kernels were profiled.

==5993== Device "Tesla V100-SXM2-32GB (2)"
No kernels were profiled.

==5993== Device "Tesla V100-SXM2-32GB (3)"
No kernels were profiled.
