==5497== NVPROF is profiling process 5497, command: ./sandbox laex 268435456 1024 1024
==5497== Profiling application: ./sandbox laex 268435456 1024 1024
==5497== Profiling result:

==5497== Device "Tesla V100-SXM2-32GB (0)"
"Type","Time(%)","Time","Calls","Avg","Min","Max","Name"
,%,s,,s,s,s,
"GPU activities",99.992539,0.219593,10,0.021959,0.021957,0.021964,"localAtomicsKernelEx(unsigned int*, unsigned int, int)"
"GPU activities",0.007461,0.000016,10,0.000002,0.000002,0.000002,"[CUDA memcpy DtoH]"

==5497== Device "Tesla V100-SXM2-32GB (1)"
No kernels were profiled.

==5497== Device "Tesla V100-SXM2-32GB (2)"
No kernels were profiled.

==5497== Device "Tesla V100-SXM2-32GB (3)"
No kernels were profiled.
