==5118== NVPROF is profiling process 5118, command: ./sandbox laex 268435456 128 16
==5118== Profiling application: ./sandbox laex 268435456 128 16
==5118== Profiling result:

==5118== Device "Tesla V100-SXM2-32GB (0)"
"Type","Time(%)","Time","Calls","Avg","Min","Max","Name"
,%,s,,s,s,s,
"GPU activities",99.997679,0.723731,10,0.072373,0.072354,0.072383,"localAtomicsKernelEx(unsigned int*, unsigned int, int)"
"GPU activities",0.002321,0.000017,10,0.000002,0.000002,0.000002,"[CUDA memcpy DtoH]"

==5118== Device "Tesla V100-SXM2-32GB (1)"
No kernels were profiled.

==5118== Device "Tesla V100-SXM2-32GB (2)"
No kernels were profiled.

==5118== Device "Tesla V100-SXM2-32GB (3)"
No kernels were profiled.
