==5091== NVPROF is profiling process 5091, command: ./sandbox laex 268435456 64 1024
==5091== Profiling application: ./sandbox laex 268435456 64 1024
==5091== Profiling result:

==5091== Device "Tesla V100-SXM2-32GB (0)"
"Type","Time(%)","Time","Calls","Avg","Min","Max","Name"
,%,s,,s,s,s,
"GPU activities",99.998836,1.445996,10,0.144600,0.144596,0.144602,"localAtomicsKernelEx(unsigned int*, unsigned int, int)"
"GPU activities",0.001164,0.000017,10,0.000002,0.000002,0.000002,"[CUDA memcpy DtoH]"

==5091== Device "Tesla V100-SXM2-32GB (1)"
No kernels were profiled.

==5091== Device "Tesla V100-SXM2-32GB (2)"
No kernels were profiled.

==5091== Device "Tesla V100-SXM2-32GB (3)"
No kernels were profiled.
