==4902== NVPROF is profiling process 4902, command: ./sandbox laex 268435456 32 8
==4902== Profiling application: ./sandbox laex 268435456 32 8
==4902== Profiling result:

==4902== Device "Tesla V100-SXM2-32GB (0)"
"Type","Time(%)","Time","Calls","Avg","Min","Max","Name"
,%,s,,s,s,s,
"GPU activities",99.999408,2.895332,10,0.289533,0.289478,0.289584,"localAtomicsKernelEx(unsigned int*, unsigned int, int)"
"GPU activities",0.000592,0.000017,10,0.000002,0.000002,0.000002,"[CUDA memcpy DtoH]"

==4902== Device "Tesla V100-SXM2-32GB (1)"
No kernels were profiled.

==4902== Device "Tesla V100-SXM2-32GB (2)"
No kernels were profiled.

==4902== Device "Tesla V100-SXM2-32GB (3)"
No kernels were profiled.
