==5660== NVPROF is profiling process 5660, command: ./sandbox laex 268435456 4096 128
==5660== Profiling application: ./sandbox laex 268435456 4096 128
==5660== Profiling result:

==5660== Device "Tesla V100-SXM2-32GB (0)"
"Type","Time(%)","Time","Calls","Avg","Min","Max","Name"
,%,s,,s,s,s,
"GPU activities",99.972909,0.058218,10,0.005822,0.005816,0.005824,"localAtomicsKernelEx(unsigned int*, unsigned int, int)"
"GPU activities",0.027091,0.000016,10,0.000002,0.000001,0.000002,"[CUDA memcpy DtoH]"

==5660== Device "Tesla V100-SXM2-32GB (1)"
No kernels were profiled.

==5660== Device "Tesla V100-SXM2-32GB (2)"
No kernels were profiled.

==5660== Device "Tesla V100-SXM2-32GB (3)"
No kernels were profiled.
