==5819== NVPROF is profiling process 5819, command: ./sandbox laex 268435456 16384 8
==5819== Profiling application: ./sandbox laex 268435456 16384 8
==5819== Profiling result:

==5819== Device "Tesla V100-SXM2-32GB (0)"
"Type","Time(%)","Time","Calls","Avg","Min","Max","Name"
,%,s,,s,s,s,
"GPU activities",99.992879,0.231849,10,0.023185,0.023182,0.023193,"localAtomicsKernelEx(unsigned int*, unsigned int, int)"
"GPU activities",0.007121,0.000017,10,0.000002,0.000002,0.000002,"[CUDA memcpy DtoH]"

==5819== Device "Tesla V100-SXM2-32GB (1)"
No kernels were profiled.

==5819== Device "Tesla V100-SXM2-32GB (2)"
No kernels were profiled.

==5819== Device "Tesla V100-SXM2-32GB (3)"
No kernels were profiled.
