==6194== NVPROF is profiling process 6194, command: ./sandbox laex 268435456 131072 512
==6194== Profiling application: ./sandbox laex 268435456 131072 512
==6194== Profiling result:

==6194== Device "Tesla V100-SXM2-32GB (0)"
"Type","Time(%)","Time","Calls","Avg","Min","Max","Name"
,%,s,,s,s,s,
"GPU activities",99.972081,0.057980,10,0.005798,0.005798,0.005798,"localAtomicsKernelEx(unsigned int*, unsigned int, int)"
"GPU activities",0.027919,0.000016,10,0.000002,0.000002,0.000002,"[CUDA memcpy DtoH]"

==6194== Device "Tesla V100-SXM2-32GB (1)"
No kernels were profiled.

==6194== Device "Tesla V100-SXM2-32GB (2)"
No kernels were profiled.

==6194== Device "Tesla V100-SXM2-32GB (3)"
No kernels were profiled.
