==6182== NVPROF is profiling process 6182, command: ./sandbox laex 268435456 131072 256
==6182== Profiling application: ./sandbox laex 268435456 131072 256
==6182== Profiling result:

==6182== Device "Tesla V100-SXM2-32GB (0)"
"Type","Time(%)","Time","Calls","Avg","Min","Max","Name"
,%,s,,s,s,s,
"GPU activities",99.973183,0.057978,10,0.005798,0.005798,0.005798,"localAtomicsKernelEx(unsigned int*, unsigned int, int)"
"GPU activities",0.026817,0.000016,10,0.000002,0.000001,0.000002,"[CUDA memcpy DtoH]"

==6182== Device "Tesla V100-SXM2-32GB (1)"
No kernels were profiled.

==6182== Device "Tesla V100-SXM2-32GB (2)"
No kernels were profiled.

==6182== Device "Tesla V100-SXM2-32GB (3)"
No kernels were profiled.
