==11228== NVPROF is profiling process 11228, command: ./sandbox b2 64 40000 ./output/Exp3/Exp3_BL_2Pow16LocalAtomics_RAND40000_cpu.csv
==11228== Profiling application: ./sandbox b2 64 40000 ./output/Exp3/Exp3_BL_2Pow16LocalAtomics_RAND40000_cpu.csv
==11228== Profiling result:
"Type","Time(%)","Time","Calls","Avg","Min","Max","Name"
,%,s,,s,s,s,
"GPU activities",42.029852,0.000735,50,0.000015,0.000006,0.000050,"[CUDA memcpy DtoH]"
"GPU activities",26.948971,0.000472,30,0.000016,0.000015,0.000017,"[CUDA memcpy PtoP]"
"GPU activities",19.915813,0.000349,40,0.000009,0.000009,0.000009,"[CUDA memcpy HtoD]"
"GPU activities",5.870013,0.000103,10,0.000010,0.000010,0.000011,"combine_devices_results(unsigned int*, unsigned int*, unsigned int*, unsigned int*, unsigned int)"
"GPU activities",5.235352,0.000092,40,0.000002,0.000002,0.000005,"aggregate(unsigned int*, unsigned int, unsigned int*)"
