==24694== NVPROF is profiling process 24694, command: ./sandbox b2 1 4000 ./output/Exp3/Exp3_BL_2Pow10LocalAtomics_RAND4000_cpu.csv
==24694== Profiling application: ./sandbox b2 1 4000 ./output/Exp3/Exp3_BL_2Pow10LocalAtomics_RAND4000_cpu.csv
==24694== Profiling result:
"Type","Time(%)","Time","Calls","Avg","Min","Max","Name"
,%,s,,s,s,s,
"GPU activities",30.806537,0.000123,50,0.000002,0.000002,0.000006,"[CUDA memcpy DtoH]"
"GPU activities",26.509651,0.000106,30,0.000004,0.000003,0.000004,"[CUDA memcpy PtoP]"
"GPU activities",18.658194,0.000075,40,0.000002,0.000002,0.000004,"aggregate(unsigned int*, unsigned int, unsigned int*)"
"GPU activities",17.156592,0.000069,40,0.000002,0.000002,0.000002,"[CUDA memcpy HtoD]"
"GPU activities",6.869027,0.000028,10,0.000003,0.000002,0.000005,"combine_devices_results(unsigned int*, unsigned int*, unsigned int*, unsigned int*, unsigned int)"
