==25092== NVPROF is profiling process 25092, command: ./sandbox s2 2 4000 ./output/Exp3/Exp3_BL_2Pow11RemotePlusLocalAtomics_RAND4000_cpu.csv
==25092== Profiling application: ./sandbox s2 2 4000 ./output/Exp3/Exp3_BL_2Pow11RemotePlusLocalAtomics_RAND4000_cpu.csv
==25092== Profiling result:
"Type","Time(%)","Time","Calls","Avg","Min","Max","Name"
,%,s,,s,s,s,
"GPU activities",43.410350,0.000156,80,0.000002,0.000002,0.000003,"[CUDA memcpy DtoH]"
"GPU activities",36.865641,0.000132,40,0.000003,0.000002,0.000005,"aggregateEx(unsigned int*, unsigned int*, unsigned int*, unsigned int*, unsigned int*, unsigned int, unsigned int, unsigned int)"
"GPU activities",19.724009,0.000071,40,0.000002,0.000002,0.000002,"[CUDA memcpy HtoD]"
