==11773== NVPROF is profiling process 11773, command: ./sandbox s2 256 40000 ./output/Exp3/Exp3_BL_2Pow18RemotePlusLocalAtomics_RAND40000_cpu.csv
==11773== Profiling application: ./sandbox s2 256 40000 ./output/Exp3/Exp3_BL_2Pow18RemotePlusLocalAtomics_RAND40000_cpu.csv
==11773== Profiling result:
"Type","Time(%)","Time","Calls","Avg","Min","Max","Name"
,%,s,,s,s,s,
"GPU activities",54.721471,0.001350,80,0.000017,0.000013,0.000021,"[CUDA memcpy DtoH]"
"GPU activities",39.263148,0.000969,40,0.000024,0.000024,0.000025,"[CUDA memcpy HtoD]"
"GPU activities",6.015381,0.000148,40,0.000004,0.000002,0.000006,"aggregateEx(unsigned int*, unsigned int*, unsigned int*, unsigned int*, unsigned int*, unsigned int, unsigned int, unsigned int)"
