==26521== NVPROF is profiling process 26521, command: ./sandbox b1 16 4000 ./output/Exp3/Exp3_BL_2Pow14LocalAtomics_CPUMerge_RAND4000_cpu.csv
==26521== Profiling application: ./sandbox b1 16 4000 ./output/Exp3/Exp3_BL_2Pow14LocalAtomics_CPUMerge_RAND4000_cpu.csv
==26521== Profiling result:
"Type","Time(%)","Time","Calls","Avg","Min","Max","Name"
,%,s,,s,s,s,
"GPU activities",59.866516,0.000318,80,0.000004,0.000002,0.000007,"[CUDA memcpy DtoH]"
"GPU activities",24.004324,0.000128,40,0.000003,0.000003,0.000004,"[CUDA memcpy HtoD]"
"GPU activities",16.129160,0.000086,40,0.000002,0.000002,0.000005,"aggregate(unsigned int*, unsigned int, unsigned int*)"
