==27013== NVPROF is profiling process 27013, command: ./sandbox b1 32 4000 ./output/Exp3/Exp3_BL_2Pow15LocalAtomics_CPUMerge_RAND4000_cpu.csv
==27013== Profiling application: ./sandbox b1 32 4000 ./output/Exp3/Exp3_BL_2Pow15LocalAtomics_CPUMerge_RAND4000_cpu.csv
==27013== Profiling result:
"Type","Time(%)","Time","Calls","Avg","Min","Max","Name"
,%,s,,s,s,s,
"GPU activities",56.204461,0.000368,80,0.000005,0.000003,0.000007,"[CUDA memcpy DtoH]"
"GPU activities",30.732245,0.000201,40,0.000005,0.000005,0.000005,"[CUDA memcpy HtoD]"
"GPU activities",13.063294,0.000086,40,0.000002,0.000002,0.000005,"aggregate(unsigned int*, unsigned int, unsigned int*)"
