==28282== NVPROF is profiling process 28282, command: ./sandbox b2 256 4000 ./output/Exp3/Exp3_BL_2Pow18LocalAtomics_RAND4000_cpu.csv
==28282== Profiling application: ./sandbox b2 256 4000 ./output/Exp3/Exp3_BL_2Pow18LocalAtomics_RAND4000_cpu.csv
==28282== Profiling result:
"Type","Time(%)","Time","Calls","Avg","Min","Max","Name"
,%,s,,s,s,s,
"GPU activities",45.011061,0.000967,40,0.000024,0.000024,0.000026,"[CUDA memcpy HtoD]"
"GPU activities",41.354506,0.000888,50,0.000018,0.000006,0.000021,"[CUDA memcpy DtoH]"
"GPU activities",7.660245,0.000165,40,0.000004,0.000003,0.000007,"aggregate(unsigned int*, unsigned int, unsigned int*)"
"GPU activities",4.842204,0.000104,30,0.000003,0.000003,0.000004,"[CUDA memcpy PtoP]"
"GPU activities",1.131983,0.000024,10,0.000002,0.000002,0.000003,"combine_devices_results(unsigned int*, unsigned int*, unsigned int*, unsigned int*, unsigned int)"
