==11721== NVPROF is profiling process 11721, command: ./sandbox b1 128 400000 ./output/Exp3/Exp3_BL_2Pow17LocalAtomics_CPUMerge_RAND400000_cpu.csv
==11721== Profiling application: ./sandbox b1 128 400000 ./output/Exp3/Exp3_BL_2Pow17LocalAtomics_CPUMerge_RAND400000_cpu.csv
==11721== Profiling result:
"Type","Time(%)","Time","Calls","Avg","Min","Max","Name"
,%,s,,s,s,s,
"GPU activities",97.516308,0.033811,80,0.000423,0.000011,0.001465,"[CUDA memcpy DtoH]"
"GPU activities",1.750057,0.000607,40,0.000015,0.000014,0.000016,"[CUDA memcpy HtoD]"
"GPU activities",0.733635,0.000254,40,0.000006,0.000003,0.000009,"aggregate(unsigned int*, unsigned int, unsigned int*)"
