==24945== NVPROF is profiling process 24945, command: ./sandbox s2 2 400 ./output/Exp3/Exp3_BL_2Pow11RemotePlusLocalAtomics_RAND400_cpu.csv
==24945== Profiling application: ./sandbox s2 2 400 ./output/Exp3/Exp3_BL_2Pow11RemotePlusLocalAtomics_RAND400_cpu.csv
==24945== Profiling result:
"Type","Time(%)","Time","Calls","Avg","Min","Max","Name"
,%,s,,s,s,s,
"GPU activities",40.214098,0.000130,80,0.000002,0.000002,0.000002,"[CUDA memcpy DtoH]"
"GPU activities",38.072812,0.000123,40,0.000003,0.000002,0.000004,"aggregateEx(unsigned int*, unsigned int*, unsigned int*, unsigned int*, unsigned int*, unsigned int, unsigned int, unsigned int)"
"GPU activities",21.713091,0.000070,40,0.000002,0.000002,0.000002,"[CUDA memcpy HtoD]"
