==28481== NVPROF is profiling process 28481, command: ./sandbox b1 512 40 ./output/Exp3/Exp3_BL_2Pow19LocalAtomics_CPUMerge_RAND40_cpu.csv
==28481== Profiling application: ./sandbox b1 512 40 ./output/Exp3/Exp3_BL_2Pow19LocalAtomics_CPUMerge_RAND40_cpu.csv
==28481== Profiling result:
"Type","Time(%)","Time","Calls","Avg","Min","Max","Name"
,%,s,,s,s,s,
"GPU activities",53.524188,0.004061,40,0.000102,0.000075,0.000124,"aggregate(unsigned int*, unsigned int, unsigned int*)"
"GPU activities",23.983258,0.001820,40,0.000045,0.000045,0.000047,"[CUDA memcpy HtoD]"
"GPU activities",22.492554,0.001707,80,0.000021,0.000002,0.000041,"[CUDA memcpy DtoH]"
