==26621== NVPROF is profiling process 26621, command: ./sandbox b2 32 40 ./output/Exp3/Exp3_BL_2Pow15LocalAtomics_RAND40_cpu.csv
==26621== Profiling application: ./sandbox b2 32 40 ./output/Exp3/Exp3_BL_2Pow15LocalAtomics_RAND40_cpu.csv
==26621== Profiling result:
"Type","Time(%)","Time","Calls","Avg","Min","Max","Name"
,%,s,,s,s,s,
"GPU activities",40.525331,0.000302,40,0.000008,0.000005,0.000010,"aggregate(unsigned int*, unsigned int, unsigned int*)"
"GPU activities",27.064388,0.000202,40,0.000005,0.000005,0.000005,"[CUDA memcpy HtoD]"
"GPU activities",22.031949,0.000164,50,0.000003,0.000002,0.000004,"[CUDA memcpy DtoH]"
"GPU activities",7.844937,0.000058,30,0.000002,0.000002,0.000003,"[CUDA memcpy PtoP]"
"GPU activities",2.533395,0.000019,10,0.000002,0.000002,0.000002,"combine_devices_results(unsigned int*, unsigned int*, unsigned int*, unsigned int*, unsigned int)"
