==11374== NVPROF is profiling process 11374, command: ./sandbox b2 64 400000 ./output/Exp3/Exp3_BL_2Pow16LocalAtomics_RAND400000_cpu.csv
==11374== Profiling application: ./sandbox b2 64 400000 ./output/Exp3/Exp3_BL_2Pow16LocalAtomics_RAND400000_cpu.csv
==11374== Profiling result:
"Type","Time(%)","Time","Calls","Avg","Min","Max","Name"
,%,s,,s,s,s,
"GPU activities",64.677718,0.010047,50,0.000201,0.000006,0.001011,"[CUDA memcpy DtoH]"
"GPU activities",26.069762,0.004050,30,0.000135,0.000135,0.000135,"[CUDA memcpy PtoP]"
"GPU activities",5.643925,0.000877,10,0.000088,0.000087,0.000088,"combine_devices_results(unsigned int*, unsigned int*, unsigned int*, unsigned int*, unsigned int)"
"GPU activities",2.235768,0.000347,40,0.000009,0.000009,0.000009,"[CUDA memcpy HtoD]"
"GPU activities",1.372827,0.000213,40,0.000005,0.000003,0.000008,"aggregate(unsigned int*, unsigned int, unsigned int*)"
