==10199== NVPROF is profiling process 10199, command: ./sandbox b2 4 400000 ./output/Exp3/Exp3_BL_2Pow12LocalAtomics_RAND400000_cpu.csv
==10199== Profiling application: ./sandbox b2 4 400000 ./output/Exp3/Exp3_BL_2Pow12LocalAtomics_RAND400000_cpu.csv
==10199== Profiling result:
"Type","Time(%)","Time","Calls","Avg","Min","Max","Name"
,%,s,,s,s,s,
"GPU activities",65.002314,0.009587,50,0.000192,0.000002,0.001016,"[CUDA memcpy DtoH]"
"GPU activities",27.453199,0.004049,30,0.000135,0.000134,0.000135,"[CUDA memcpy PtoP]"
"GPU activities",6.015065,0.000887,10,0.000089,0.000088,0.000091,"combine_devices_results(unsigned int*, unsigned int*, unsigned int*, unsigned int*, unsigned int)"
"GPU activities",0.987645,0.000146,40,0.000004,0.000003,0.000006,"aggregate(unsigned int*, unsigned int, unsigned int*)"
"GPU activities",0.541776,0.000080,40,0.000002,0.000002,0.000002,"[CUDA memcpy HtoD]"
