==26819== NVPROF is profiling process 26819, command: ./sandbox b2 32 400 ./output/Exp3/Exp3_BL_2Pow15LocalAtomics_RAND400_cpu.csv
==26819== Profiling application: ./sandbox b2 32 400 ./output/Exp3/Exp3_BL_2Pow15LocalAtomics_RAND400_cpu.csv
==26819== Profiling result:
"Type","Time(%)","Time","Calls","Avg","Min","Max","Name"
,%,s,,s,s,s,
"GPU activities",34.877759,0.000203,40,0.000005,0.000005,0.000005,"[CUDA memcpy HtoD]"
"GPU activities",26.707847,0.000155,50,0.000003,0.000002,0.000004,"[CUDA memcpy DtoH]"
"GPU activities",25.319395,0.000147,40,0.000004,0.000003,0.000006,"aggregate(unsigned int*, unsigned int, unsigned int*)"
"GPU activities",9.784063,0.000057,30,0.000002,0.000002,0.000003,"[CUDA memcpy PtoP]"
"GPU activities",3.310936,0.000019,10,0.000002,0.000002,0.000004,"combine_devices_results(unsigned int*, unsigned int*, unsigned int*, unsigned int*, unsigned int)"
