==10984== NVPROF is profiling process 10984, command: ./sandbox b1 32 40000 ./output/Exp3/Exp3_BL_2Pow15LocalAtomics_CPUMerge_RAND40000_cpu.csv
==10984== Profiling application: ./sandbox b1 32 40000 ./output/Exp3/Exp3_BL_2Pow15LocalAtomics_CPUMerge_RAND40000_cpu.csv
==10984== Profiling result:
"Type","Time(%)","Time","Calls","Avg","Min","Max","Name"
,%,s,,s,s,s,
"GPU activities",87.711026,0.002123,80,0.000027,0.000003,0.000053,"[CUDA memcpy DtoH]"
"GPU activities",8.313388,0.000201,40,0.000005,0.000005,0.000005,"[CUDA memcpy HtoD]"
"GPU activities",3.975586,0.000096,40,0.000002,0.000002,0.000005,"aggregate(unsigned int*, unsigned int, unsigned int*)"
