==26179== NVPROF is profiling process 26179, command: ./sandbox b2 16 40 ./output/Exp3/Exp3_BL_2Pow14LocalAtomics_RAND40_cpu.csv
==26179== Profiling application: ./sandbox b2 16 40 ./output/Exp3/Exp3_BL_2Pow14LocalAtomics_RAND40_cpu.csv
==26179== Profiling result:
"Type","Time(%)","Time","Calls","Avg","Min","Max","Name"
,%,s,,s,s,s,
"GPU activities",36.103654,0.000178,40,0.000004,0.000003,0.000007,"aggregate(unsigned int*, unsigned int, unsigned int*)"
"GPU activities",26.570832,0.000131,40,0.000003,0.000003,0.000004,"[CUDA memcpy HtoD]"
"GPU activities",21.612928,0.000106,50,0.000002,0.000002,0.000002,"[CUDA memcpy DtoH]"
"GPU activities",11.885161,0.000059,30,0.000002,0.000002,0.000003,"[CUDA memcpy PtoP]"
"GPU activities",3.827425,0.000019,10,0.000002,0.000002,0.000002,"combine_devices_results(unsigned int*, unsigned int*, unsigned int*, unsigned int*, unsigned int)"
