==11128== NVPROF is profiling process 11128, command: ./sandbox b1 32 400000 ./output/Exp3/Exp3_BL_2Pow15LocalAtomics_CPUMerge_RAND400000_cpu.csv
==11128== Profiling application: ./sandbox b1 32 400000 ./output/Exp3/Exp3_BL_2Pow15LocalAtomics_CPUMerge_RAND400000_cpu.csv
==11128== Profiling result:
"Type","Time(%)","Time","Calls","Avg","Min","Max","Name"
,%,s,,s,s,s,
"GPU activities",98.796229,0.031733,80,0.000397,0.000004,0.001010,"[CUDA memcpy DtoH]"
"GPU activities",0.647762,0.000208,40,0.000005,0.000005,0.000006,"[CUDA memcpy HtoD]"
"GPU activities",0.556009,0.000179,40,0.000004,0.000003,0.000006,"aggregate(unsigned int*, unsigned int, unsigned int*)"
