==6887== NVPROF is profiling process 6887, command: ./sandbox ra 262144/1024 1024
==6887== Profiling application: ./sandbox ra 262144/1024 1024
==6887== Profiling result:

==6887== Device "Tesla V100-SXM2-32GB (0)"
"Type","Time(%)","Time","Calls","Avg","Min","Max","Name"
,%,s,,s,s,s,
"GPU activities",100.000000,2.182193,10,0.218219,0.218188,0.218239,"remoteAtomicsKernel(DATA*)"

==6887== Device "Tesla V100-SXM2-32GB (1)"
"Type","Time(%)","Time","Calls","Avg","Min","Max","Name"
,%,s,,s,s,s,
"GPU activities",100.000000,0.000021,10,0.000002,0.000002,0.000002,"[CUDA memcpy DtoH]"

==6887== Device "Tesla V100-SXM2-32GB (2)"
No kernels were profiled.

==6887== Device "Tesla V100-SXM2-32GB (3)"
No kernels were profiled.
