==7280== NVPROF is profiling process 7280, command: ./sandbox la 134217728/1024 1024
==7280== Profiling application: ./sandbox la 134217728/1024 1024
==7280== Profiling result:

==7280== Device "Tesla V100-SXM2-32GB (0)"
"Type","Time(%)","Time","Calls","Avg","Min","Max","Name"
,%,s,,s,s,s,
"GPU activities",99.999942,29.690353,10,2.969035,2.968645,2.970139,"localAtomicsKernel(DATA*)"
"GPU activities",0.000058,0.000017,10,0.000002,0.000002,0.000002,"[CUDA memcpy DtoH]"

==7280== Device "Tesla V100-SXM2-32GB (1)"
No kernels were profiled.

==7280== Device "Tesla V100-SXM2-32GB (2)"
No kernels were profiled.

==7280== Device "Tesla V100-SXM2-32GB (3)"
No kernels were profiled.
