==7008== NVPROF is profiling process 7008, command: ./sandbox la 4194304/1024 1024
==7008== Profiling application: ./sandbox la 4194304/1024 1024
==7008== Profiling result:

==7008== Device "Tesla V100-SXM2-32GB (0)"
"Type","Time(%)","Time","Calls","Avg","Min","Max","Name"
,%,s,,s,s,s,
"GPU activities",99.998186,0.927728,10,0.092773,0.092763,0.092797,"localAtomicsKernel(DATA*)"
"GPU activities",0.001814,0.000017,10,0.000002,0.000002,0.000002,"[CUDA memcpy DtoH]"

==7008== Device "Tesla V100-SXM2-32GB (1)"
No kernels were profiled.

==7008== Device "Tesla V100-SXM2-32GB (2)"
No kernels were profiled.

==7008== Device "Tesla V100-SXM2-32GB (3)"
No kernels were profiled.
