==7124== NVPROF is profiling process 7124, command: ./sandbox la 16777216/1024 1024
==7124== Profiling application: ./sandbox la 16777216/1024 1024
==7124== Profiling result:

==7124== Device "Tesla V100-SXM2-32GB (0)"
"Type","Time(%)","Time","Calls","Avg","Min","Max","Name"
,%,s,,s,s,s,
"GPU activities",99.999547,3.711057,10,0.371106,0.371048,0.371218,"localAtomicsKernel(DATA*)"
"GPU activities",0.000453,0.000017,10,0.000002,0.000002,0.000002,"[CUDA memcpy DtoH]"

==7124== Device "Tesla V100-SXM2-32GB (1)"
No kernels were profiled.

==7124== Device "Tesla V100-SXM2-32GB (2)"
No kernels were profiled.

==7124== Device "Tesla V100-SXM2-32GB (3)"
No kernels were profiled.
