==6920== NVPROF is profiling process 6920, command: ./sandbox ra 524288/1024 1024
==6920== Profiling application: ./sandbox ra 524288/1024 1024
==6920== Profiling result:

==6920== Device "Tesla V100-SXM2-32GB (0)"
"Type","Time(%)","Time","Calls","Avg","Min","Max","Name"
,%,s,,s,s,s,
"GPU activities",100.000000,4.364545,10,0.436454,0.436410,0.436487,"remoteAtomicsKernel(DATA*)"

==6920== Device "Tesla V100-SXM2-32GB (1)"
"Type","Time(%)","Time","Calls","Avg","Min","Max","Name"
,%,s,,s,s,s,
"GPU activities",100.000000,0.000021,10,0.000002,0.000002,0.000002,"[CUDA memcpy DtoH]"

==6920== Device "Tesla V100-SXM2-32GB (2)"
No kernels were profiled.

==6920== Device "Tesla V100-SXM2-32GB (3)"
No kernels were profiled.
