==7297== NVPROF is profiling process 7297, command: ./sandbox ra 134217728/1024 1024
==7297== Profiling application: ./sandbox ra 134217728/1024 1024
==7297== Profiling result:

==7297== Device "Tesla V100-SXM2-32GB (0)"
"Type","Time(%)","Time","Calls","Avg","Min","Max","Name"
,%,s,,s,s,s,
"GPU activities",100.000000,1116.725632,10,111.672563,111.657791,111.689131,"remoteAtomicsKernel(DATA*)"

==7297== Device "Tesla V100-SXM2-32GB (1)"
"Type","Time(%)","Time","Calls","Avg","Min","Max","Name"
,%,s,,s,s,s,
"GPU activities",100.000000,0.000021,10,0.000002,0.000002,0.000002,"[CUDA memcpy DtoH]"

==7297== Device "Tesla V100-SXM2-32GB (2)"
No kernels were profiled.

==7297== Device "Tesla V100-SXM2-32GB (3)"
No kernels were profiled.
