==6653== NVPROF is profiling process 6653, command: ./sandbox ra 2048/1024 1024
==6653== Profiling application: ./sandbox ra 2048/1024 1024
==6653== Profiling result:

==6653== Device "Tesla V100-SXM2-32GB (0)"
"Type","Time(%)","Time","Calls","Avg","Min","Max","Name"
,%,s,,s,s,s,
"GPU activities",100.000000,0.017068,10,0.001707,0.001706,0.001707,"remoteAtomicsKernel(DATA*)"

==6653== Device "Tesla V100-SXM2-32GB (1)"
"Type","Time(%)","Time","Calls","Avg","Min","Max","Name"
,%,s,,s,s,s,
"GPU activities",100.000000,0.000020,10,0.000002,0.000002,0.000002,"[CUDA memcpy DtoH]"

==6653== Device "Tesla V100-SXM2-32GB (2)"
No kernels were profiled.

==6653== Device "Tesla V100-SXM2-32GB (3)"
No kernels were profiled.
