==7492== NVPROF is profiling process 7492, command: ./sandbox ra 268435456/1024 1024
==7492== Profiling application: ./sandbox ra 268435456/1024 1024
==7492== Profiling result:

==7492== Device "Tesla V100-SXM2-32GB (0)"
"Type","Time(%)","Time","Calls","Avg","Min","Max","Name"
,%,s,,s,s,s,
"GPU activities",100.000000,2233.750545,10,223.375055,223.360824,223.390262,"remoteAtomicsKernel(DATA*)"

==7492== Device "Tesla V100-SXM2-32GB (1)"
"Type","Time(%)","Time","Calls","Avg","Min","Max","Name"
,%,s,,s,s,s,
"GPU activities",100.000000,0.000022,10,0.000002,0.000002,0.000003,"[CUDA memcpy DtoH]"

==7492== Device "Tesla V100-SXM2-32GB (2)"
No kernels were profiled.

==7492== Device "Tesla V100-SXM2-32GB (3)"
No kernels were profiled.
