==7102== NVPROF is profiling process 7102, command: ./sandbox ra 8388608/1024 1024
==7102== Profiling application: ./sandbox ra 8388608/1024 1024
==7102== Profiling result:

==7102== Device "Tesla V100-SXM2-32GB (0)"
"Type","Time(%)","Time","Calls","Avg","Min","Max","Name"
,%,s,,s,s,s,
"GPU activities",100.000000,69.801271,10,6.980127,6.979494,6.980739,"remoteAtomicsKernel(DATA*)"

==7102== Device "Tesla V100-SXM2-32GB (1)"
"Type","Time(%)","Time","Calls","Avg","Min","Max","Name"
,%,s,,s,s,s,
"GPU activities",100.000000,0.000021,10,0.000002,0.000002,0.000003,"[CUDA memcpy DtoH]"

==7102== Device "Tesla V100-SXM2-32GB (2)"
No kernels were profiled.

==7102== Device "Tesla V100-SXM2-32GB (3)"
No kernels were profiled.
