==6687== NVPROF is profiling process 6687, command: ./sandbox ra 4096/1024 1024
==6687== Profiling application: ./sandbox ra 4096/1024 1024
==6687== Profiling result:

==6687== Device "Tesla V100-SXM2-32GB (0)"
"Type","Time(%)","Time","Calls","Avg","Min","Max","Name"
,%,s,,s,s,s,
"GPU activities",100.000000,0.034118,10,0.003412,0.003411,0.003412,"remoteAtomicsKernel(DATA*)"

==6687== Device "Tesla V100-SXM2-32GB (1)"
"Type","Time(%)","Time","Calls","Avg","Min","Max","Name"
,%,s,,s,s,s,
"GPU activities",100.000000,0.000020,10,0.000002,0.000002,0.000002,"[CUDA memcpy DtoH]"

==6687== Device "Tesla V100-SXM2-32GB (2)"
No kernels were profiled.

==6687== Device "Tesla V100-SXM2-32GB (3)"
No kernels were profiled.
