==6638== NVPROF is profiling process 6638, command: ./sandbox la 2048/1024 1024
==6638== Profiling application: ./sandbox la 2048/1024 1024
==6638== Profiling result:

==6638== Device "Tesla V100-SXM2-32GB (0)"
"Type","Time(%)","Time","Calls","Avg","Min","Max","Name"
,%,s,,s,s,s,
"GPU activities",96.811646,0.000462,10,0.000046,0.000046,0.000047,"localAtomicsKernel(DATA*)"
"GPU activities",3.188354,0.000015,10,0.000002,0.000001,0.000002,"[CUDA memcpy DtoH]"

==6638== Device "Tesla V100-SXM2-32GB (1)"
No kernels were profiled.

==6638== Device "Tesla V100-SXM2-32GB (2)"
No kernels were profiled.

==6638== Device "Tesla V100-SXM2-32GB (3)"
No kernels were profiled.
