==7214== NVPROF is profiling process 7214, command: ./sandbox la 67108864/1024 1024
==7214== Profiling application: ./sandbox la 67108864/1024 1024
==7214== Profiling result:

==7214== Device "Tesla V100-SXM2-32GB (0)"
"Type","Time(%)","Time","Calls","Avg","Min","Max","Name"
,%,s,,s,s,s,
"GPU activities",99.999887,14.844159,10,1.484416,1.484267,1.484727,"localAtomicsKernel(DATA*)"
"GPU activities",0.000113,0.000017,10,0.000002,0.000002,0.000002,"[CUDA memcpy DtoH]"

==7214== Device "Tesla V100-SXM2-32GB (1)"
No kernels were profiled.

==7214== Device "Tesla V100-SXM2-32GB (2)"
No kernels were profiled.

==7214== Device "Tesla V100-SXM2-32GB (3)"
No kernels were profiled.
