==6854== NVPROF is profiling process 6854, command: ./sandbox ra 131072/1024 1024
==6854== Profiling application: ./sandbox ra 131072/1024 1024
==6854== Profiling result:

==6854== Device "Tesla V100-SXM2-32GB (0)"
"Type","Time(%)","Time","Calls","Avg","Min","Max","Name"
,%,s,,s,s,s,
"GPU activities",100.000000,1.091168,10,0.109117,0.109105,0.109127,"remoteAtomicsKernel(DATA*)"

==6854== Device "Tesla V100-SXM2-32GB (1)"
"Type","Time(%)","Time","Calls","Avg","Min","Max","Name"
,%,s,,s,s,s,
"GPU activities",100.000000,0.000021,10,0.000002,0.000002,0.000002,"[CUDA memcpy DtoH]"

==6854== Device "Tesla V100-SXM2-32GB (2)"
No kernels were profiled.

==6854== Device "Tesla V100-SXM2-32GB (3)"
No kernels were profiled.
