==7023== NVPROF is profiling process 7023, command: ./sandbox ra 4194304/1024 1024
==7023== Profiling application: ./sandbox ra 4194304/1024 1024
==7023== Profiling result:

==7023== Device "Tesla V100-SXM2-32GB (0)"
"Type","Time(%)","Time","Calls","Avg","Min","Max","Name"
,%,s,,s,s,s,
"GPU activities",100.000000,34.908684,10,3.490868,3.490695,3.491316,"remoteAtomicsKernel(DATA*)"

==7023== Device "Tesla V100-SXM2-32GB (1)"
"Type","Time(%)","Time","Calls","Avg","Min","Max","Name"
,%,s,,s,s,s,
"GPU activities",100.000000,0.000021,10,0.000002,0.000002,0.000002,"[CUDA memcpy DtoH]"

==7023== Device "Tesla V100-SXM2-32GB (2)"
No kernels were profiled.

==7023== Device "Tesla V100-SXM2-32GB (3)"
No kernels were profiled.
