==6872== NVPROF is profiling process 6872, command: ./sandbox la 262144/1024 1024
==6872== Profiling application: ./sandbox la 262144/1024 1024
==6872== Profiling result:

==6872== Device "Tesla V100-SXM2-32GB (0)"
"Type","Time(%)","Time","Calls","Avg","Min","Max","Name"
,%,s,,s,s,s,
"GPU activities",99.972859,0.057991,10,0.005799,0.005798,0.005802,"localAtomicsKernel(DATA*)"
"GPU activities",0.027141,0.000016,10,0.000002,0.000001,0.000002,"[CUDA memcpy DtoH]"

==6872== Device "Tesla V100-SXM2-32GB (1)"
No kernels were profiled.

==6872== Device "Tesla V100-SXM2-32GB (2)"
No kernels were profiled.

==6872== Device "Tesla V100-SXM2-32GB (3)"
No kernels were profiled.
