==6672== NVPROF is profiling process 6672, command: ./sandbox la 4096/1024 1024
==6672== Profiling application: ./sandbox la 4096/1024 1024
==6672== Profiling result:

==6672== Device "Tesla V100-SXM2-32GB (0)"
"Type","Time(%)","Time","Calls","Avg","Min","Max","Name"
,%,s,,s,s,s,
"GPU activities",98.355348,0.000915,10,0.000091,0.000091,0.000092,"localAtomicsKernel(DATA*)"
"GPU activities",1.644652,0.000015,10,0.000002,0.000001,0.000002,"[CUDA memcpy DtoH]"

==6672== Device "Tesla V100-SXM2-32GB (1)"
No kernels were profiled.

==6672== Device "Tesla V100-SXM2-32GB (2)"
No kernels were profiled.

==6672== Device "Tesla V100-SXM2-32GB (3)"
No kernels were profiled.
