==7043== NVPROF is profiling process 7043, command: ./sandbox la 8388608/1024 1024
==7043== Profiling application: ./sandbox la 8388608/1024 1024
==7043== Profiling result:

==7043== Device "Tesla V100-SXM2-32GB (0)"
"Type","Time(%)","Time","Calls","Avg","Min","Max","Name"
,%,s,,s,s,s,
"GPU activities",99.999095,1.855480,10,0.185548,0.185513,0.185646,"localAtomicsKernel(DATA*)"
"GPU activities",0.000905,0.000017,10,0.000002,0.000002,0.000002,"[CUDA memcpy DtoH]"

==7043== Device "Tesla V100-SXM2-32GB (1)"
No kernels were profiled.

==7043== Device "Tesla V100-SXM2-32GB (2)"
No kernels were profiled.

==7043== Device "Tesla V100-SXM2-32GB (3)"
No kernels were profiled.
