==6987== NVPROF is profiling process 6987, command: ./sandbox ra 2097152/1024 1024
==6987== Profiling application: ./sandbox ra 2097152/1024 1024
==6987== Profiling result:

==6987== Device "Tesla V100-SXM2-32GB (0)"
"Type","Time(%)","Time","Calls","Avg","Min","Max","Name"
,%,s,,s,s,s,
"GPU activities",100.000000,17.457164,10,1.745716,1.745572,1.745841,"remoteAtomicsKernel(DATA*)"

==6987== Device "Tesla V100-SXM2-32GB (1)"
"Type","Time(%)","Time","Calls","Avg","Min","Max","Name"
,%,s,,s,s,s,
"GPU activities",100.000000,0.000022,10,0.000002,0.000002,0.000003,"[CUDA memcpy DtoH]"

==6987== Device "Tesla V100-SXM2-32GB (2)"
No kernels were profiled.

==6987== Device "Tesla V100-SXM2-32GB (3)"
No kernels were profiled.
