==6605== NVPROF is profiling process 6605, command: ./sandbox la 1024/1024 1024
==6605== Profiling application: ./sandbox la 1024/1024 1024
==6605== Profiling result:

==6605== Device "Tesla V100-SXM2-32GB (0)"
"Type","Time(%)","Time","Calls","Avg","Min","Max","Name"
,%,s,,s,s,s,
"GPU activities",93.776304,0.000235,10,0.000024,0.000023,0.000025,"localAtomicsKernel(DATA*)"
"GPU activities",6.223696,0.000016,10,0.000002,0.000001,0.000002,"[CUDA memcpy DtoH]"

==6605== Device "Tesla V100-SXM2-32GB (1)"
No kernels were profiled.

==6605== Device "Tesla V100-SXM2-32GB (2)"
No kernels were profiled.

==6605== Device "Tesla V100-SXM2-32GB (3)"
No kernels were profiled.
