==6805== NVPROF is profiling process 6805, command: ./sandbox la 65536/1024 1024
==6805== Profiling application: ./sandbox la 65536/1024 1024
==6805== Profiling result:

==6805== Device "Tesla V100-SXM2-32GB (0)"
"Type","Time(%)","Time","Calls","Avg","Min","Max","Name"
,%,s,,s,s,s,
"GPU activities",99.893770,0.014504,10,0.001450,0.001450,0.001451,"localAtomicsKernel(DATA*)"
"GPU activities",0.106230,0.000015,10,0.000002,0.000001,0.000002,"[CUDA memcpy DtoH]"

==6805== Device "Tesla V100-SXM2-32GB (1)"
No kernels were profiled.

==6805== Device "Tesla V100-SXM2-32GB (2)"
No kernels were profiled.

==6805== Device "Tesla V100-SXM2-32GB (3)"
No kernels were profiled.
