==6739== NVPROF is profiling process 6739, command: ./sandbox la 16384/1024 1024
==6739== Profiling application: ./sandbox la 16384/1024 1024
==6739== Profiling result:

==6739== Device "Tesla V100-SXM2-32GB (0)"
"Type","Time(%)","Time","Calls","Avg","Min","Max","Name"
,%,s,,s,s,s,
"GPU activities",99.584181,0.003633,10,0.000363,0.000363,0.000364,"localAtomicsKernel(DATA*)"
"GPU activities",0.415819,0.000015,10,0.000002,0.000001,0.000002,"[CUDA memcpy DtoH]"

==6739== Device "Tesla V100-SXM2-32GB (1)"
No kernels were profiled.

==6739== Device "Tesla V100-SXM2-32GB (2)"
No kernels were profiled.

==6739== Device "Tesla V100-SXM2-32GB (3)"
No kernels were profiled.
