==6954== NVPROF is profiling process 6954, command: ./sandbox ra 1048576/1024 1024
==6954== Profiling application: ./sandbox ra 1048576/1024 1024
==6954== Profiling result:

==6954== Device "Tesla V100-SXM2-32GB (0)"
"Type","Time(%)","Time","Calls","Avg","Min","Max","Name"
,%,s,,s,s,s,
"GPU activities",100.000000,8.728819,10,0.872882,0.872757,0.872988,"remoteAtomicsKernel(DATA*)"

==6954== Device "Tesla V100-SXM2-32GB (1)"
"Type","Time(%)","Time","Calls","Avg","Min","Max","Name"
,%,s,,s,s,s,
"GPU activities",100.000000,0.000021,10,0.000002,0.000002,0.000003,"[CUDA memcpy DtoH]"

==6954== Device "Tesla V100-SXM2-32GB (2)"
No kernels were profiled.

==6954== Device "Tesla V100-SXM2-32GB (3)"
No kernels were profiled.
