==6939== NVPROF is profiling process 6939, command: ./sandbox la 1048576/1024 1024
==6939== Profiling application: ./sandbox la 1048576/1024 1024
==6939== Profiling result:

==6939== Device "Tesla V100-SXM2-32GB (0)"
"Type","Time(%)","Time","Calls","Avg","Min","Max","Name"
,%,s,,s,s,s,
"GPU activities",99.992868,0.231968,10,0.023197,0.023193,0.023201,"localAtomicsKernel(DATA*)"
"GPU activities",0.007132,0.000017,10,0.000002,0.000002,0.000002,"[CUDA memcpy DtoH]"

==6939== Device "Tesla V100-SXM2-32GB (1)"
No kernels were profiled.

==6939== Device "Tesla V100-SXM2-32GB (2)"
No kernels were profiled.

==6939== Device "Tesla V100-SXM2-32GB (3)"
No kernels were profiled.
