==6787== NVPROF is profiling process 6787, command: ./sandbox ra 32768/1024 1024
==6787== Profiling application: ./sandbox ra 32768/1024 1024
==6787== Profiling result:

==6787== Device "Tesla V100-SXM2-32GB (0)"
"Type","Time(%)","Time","Calls","Avg","Min","Max","Name"
,%,s,,s,s,s,
"GPU activities",100.000000,0.272772,10,0.027277,0.027271,0.027283,"remoteAtomicsKernel(DATA*)"

==6787== Device "Tesla V100-SXM2-32GB (1)"
"Type","Time(%)","Time","Calls","Avg","Min","Max","Name"
,%,s,,s,s,s,
"GPU activities",100.000000,0.000021,10,0.000002,0.000002,0.000002,"[CUDA memcpy DtoH]"

==6787== Device "Tesla V100-SXM2-32GB (2)"
No kernels were profiled.

==6787== Device "Tesla V100-SXM2-32GB (3)"
No kernels were profiled.
