==7139== NVPROF is profiling process 7139, command: ./sandbox ra 16777216/1024 1024
==7139== Profiling application: ./sandbox ra 16777216/1024 1024
==7139== Profiling result:

==7139== Device "Tesla V100-SXM2-32GB (0)"
"Type","Time(%)","Time","Calls","Avg","Min","Max","Name"
,%,s,,s,s,s,
"GPU activities",100.000000,139.588607,10,13.958861,13.957394,13.960243,"remoteAtomicsKernel(DATA*)"

==7139== Device "Tesla V100-SXM2-32GB (1)"
"Type","Time(%)","Time","Calls","Avg","Min","Max","Name"
,%,s,,s,s,s,
"GPU activities",100.000000,0.000021,10,0.000002,0.000002,0.000002,"[CUDA memcpy DtoH]"

==7139== Device "Tesla V100-SXM2-32GB (2)"
No kernels were profiled.

==7139== Device "Tesla V100-SXM2-32GB (3)"
No kernels were profiled.
