==7165== NVPROF is profiling process 7165, command: ./sandbox la 33554432/1024 1024
==7165== Profiling application: ./sandbox la 33554432/1024 1024
==7165== Profiling result:

==7165== Device "Tesla V100-SXM2-32GB (0)"
"Type","Time(%)","Time","Calls","Avg","Min","Max","Name"
,%,s,,s,s,s,
"GPU activities",99.999772,7.422010,10,0.742201,0.742131,0.742267,"localAtomicsKernel(DATA*)"
"GPU activities",0.000228,0.000017,10,0.000002,0.000002,0.000002,"[CUDA memcpy DtoH]"

==7165== Device "Tesla V100-SXM2-32GB (1)"
No kernels were profiled.

==7165== Device "Tesla V100-SXM2-32GB (2)"
No kernels were profiled.

==7165== Device "Tesla V100-SXM2-32GB (3)"
No kernels were profiled.
