==6705== NVPROF is profiling process 6705, command: ./sandbox la 8192/1024 1024
==6705== Profiling application: ./sandbox la 8192/1024 1024
==6705== Profiling result:

==6705== Device "Tesla V100-SXM2-32GB (0)"
"Type","Time(%)","Time","Calls","Avg","Min","Max","Name"
,%,s,,s,s,s,
"GPU activities",99.168637,0.001821,10,0.000182,0.000182,0.000183,"localAtomicsKernel(DATA*)"
"GPU activities",0.831363,0.000015,10,0.000002,0.000001,0.000002,"[CUDA memcpy DtoH]"

==6705== Device "Tesla V100-SXM2-32GB (1)"
No kernels were profiled.

==6705== Device "Tesla V100-SXM2-32GB (2)"
No kernels were profiled.

==6705== Device "Tesla V100-SXM2-32GB (3)"
No kernels were profiled.
