==6754== NVPROF is profiling process 6754, command: ./sandbox ra 16384/1024 1024
==6754== Profiling application: ./sandbox ra 16384/1024 1024
==6754== Profiling result:

==6754== Device "Tesla V100-SXM2-32GB (0)"
"Type","Time(%)","Time","Calls","Avg","Min","Max","Name"
,%,s,,s,s,s,
"GPU activities",100.000000,0.136397,10,0.013640,0.013639,0.013643,"remoteAtomicsKernel(DATA*)"

==6754== Device "Tesla V100-SXM2-32GB (1)"
"Type","Time(%)","Time","Calls","Avg","Min","Max","Name"
,%,s,,s,s,s,
"GPU activities",100.000000,0.000021,10,0.000002,0.000002,0.000003,"[CUDA memcpy DtoH]"

==6754== Device "Tesla V100-SXM2-32GB (2)"
No kernels were profiled.

==6754== Device "Tesla V100-SXM2-32GB (3)"
No kernels were profiled.
